Added Component: Designator=C5(CAP_0603_UN1Q)
Add component (AddParameter): Name = "Alternative component"; Value = "Allowed"; VariantName = "[No Variations]"
Add component (AddParameter): Name = "ClassName"; Value = ""; VariantName = "[No Variations]"
Add component (AddParameter): Name = "Component Type"; Value = "Capacitor"; VariantName = "[No Variations]"
Add component (AddParameter): Name = "ComponentLink1Description"; Value = "1_Datasheet"; VariantName = "[No Variations]"
Add component (AddParameter): Name = "ComponentLink1URL"; Value = ""; VariantName = "[No Variations]"
Add component (AddParameter): Name = "ComponentLink2Description"; Value = "2_Product page"; VariantName = "[No Variations]"
Add component (AddParameter): Name = "ComponentLink2URL"; Value = ""; VariantName = "[No Variations]"
Add component (AddParameter): Name = "ComponentLink3Description"; Value = "3_X-information"; VariantName = "[No Variations]"
Add component (AddParameter): Name = "ComponentLink3URL"; Value = ""; VariantName = "[No Variations]"
Add component (AddParameter): Name = "ComponentLink4Description"; Value = "4_X-information"; VariantName = "[No Variations]"
Add component (AddParameter): Name = "ComponentLink4URL"; Value = ""; VariantName = "[No Variations]"
Add component (AddParameter): Name = "ComponentLink5Description"; Value = ""; VariantName = "[No Variations]"
Add component (AddParameter): Name = "ComponentLink5URL"; Value = ""; VariantName = "[No Variations]"
Add component (AddParameter): Name = "Creation date"; Value = "20210927"; VariantName = "[No Variations]"
Add component (AddParameter): Name = "Dimensions WxLxH"; Value = ""; VariantName = "[No Variations]"
Add component (AddParameter): Name = "ECCN"; Value = "EAR99"; VariantName = "[No Variations]"
Add component (AddParameter): Name = "HasBeenBuilt"; Value = "TBD"; VariantName = "[No Variations]"
Add component (AddParameter): Name = "Manufacturer"; Value = "Murata"; VariantName = "[No Variations]"
Add component (AddParameter): Name = "Manufacturer Part Number"; Value = "GCM188R71H102KA37J"; VariantName = "[No Variations]"
Add component (AddParameter): Name = "Operating temperature range"; Value = "-55 ... +125°C"; VariantName = "[No Variations]"
Add component (AddParameter): Name = "Package"; Value = "0603"; VariantName = "[No Variations]"
Add component (AddParameter): Name = "Part Number"; Value = "GCM188R71H102KA37J"; VariantName = "[No Variations]"
Add component (AddParameter): Name = "Remark"; Value = ""; VariantName = "[No Variations]"
Add component (AddParameter): Name = "RoHS"; Value = "RoHS3"; VariantName = "[No Variations]"
Add component (AddParameter): Name = "Sort order"; Value = "306"; VariantName = "[No Variations]"
Add component (AddParameter): Name = "Source"; Value = "RLC_UN1Q.SchLib"; VariantName = "[No Variations]"
Add component (AddParameter): Name = "System"; Value = "RLC"; VariantName = "[No Variations]"
Add component (AddParameter): Name = "Temperature characteristics"; Value = "X7R"; VariantName = "[No Variations]"
Add component (AddParameter): Name = "Tolerance"; Value = "+/-10%"; VariantName = "[No Variations]"
Add component (AddParameter): Name = "Value"; Value = "100p"; VariantName = "[No Variations]"
Add component (AddParameter): Name = "Voltage"; Value = "50V"; VariantName = "[No Variations]"
Added Component: Designator=C6(CAP_0603_UN1Q)
Add component (AddParameter): Name = "Alternative component"; Value = "Allowed"; VariantName = "[No Variations]"
Add component (AddParameter): Name = "ClassName"; Value = ""; VariantName = "[No Variations]"
Add component (AddParameter): Name = "Component Type"; Value = "Capacitor"; VariantName = "[No Variations]"
Add component (AddParameter): Name = "ComponentLink1Description"; Value = "1_Datasheet"; VariantName = "[No Variations]"
Add component (AddParameter): Name = "ComponentLink1URL"; Value = ""; VariantName = "[No Variations]"
Add component (AddParameter): Name = "ComponentLink2Description"; Value = "2_Product page"; VariantName = "[No Variations]"
Add component (AddParameter): Name = "ComponentLink2URL"; Value = ""; VariantName = "[No Variations]"
Add component (AddParameter): Name = "ComponentLink3Description"; Value = "3_X-information"; VariantName = "[No Variations]"
Add component (AddParameter): Name = "ComponentLink3URL"; Value = ""; VariantName = "[No Variations]"
Add component (AddParameter): Name = "ComponentLink4Description"; Value = "4_X-information"; VariantName = "[No Variations]"
Add component (AddParameter): Name = "ComponentLink4URL"; Value = ""; VariantName = "[No Variations]"
Add component (AddParameter): Name = "ComponentLink5Description"; Value = ""; VariantName = "[No Variations]"
Add component (AddParameter): Name = "ComponentLink5URL"; Value = ""; VariantName = "[No Variations]"
Add component (AddParameter): Name = "Creation date"; Value = "20210917"; VariantName = "[No Variations]"
Add component (AddParameter): Name = "Dimensions WxLxH"; Value = ""; VariantName = "[No Variations]"
Add component (AddParameter): Name = "ECCN"; Value = ""; VariantName = "[No Variations]"
Add component (AddParameter): Name = "HasBeenBuilt"; Value = "TBD"; VariantName = "[No Variations]"
Add component (AddParameter): Name = "Manufacturer"; Value = "Taiyo Yuden"; VariantName = "[No Variations]"
Add component (AddParameter): Name = "Manufacturer Part Number"; Value = "UMK107AB7105KA-T"; VariantName = "[No Variations]"
Add component (AddParameter): Name = "Operating temperature range"; Value = ""; VariantName = "[No Variations]"
Add component (AddParameter): Name = "Package"; Value = "0603"; VariantName = "[No Variations]"
Add component (AddParameter): Name = "Part Number"; Value = "UMK107AB7105KA-T"; VariantName = "[No Variations]"
Add component (AddParameter): Name = "Remark"; Value = ""; VariantName = "[No Variations]"
Add component (AddParameter): Name = "RoHS"; Value = ""; VariantName = "[No Variations]"
Add component (AddParameter): Name = "Sort order"; Value = "306"; VariantName = "[No Variations]"
Add component (AddParameter): Name = "Source"; Value = "RLC_UN1Q.SchLib"; VariantName = "[No Variations]"
Add component (AddParameter): Name = "System"; Value = "RLC"; VariantName = "[No Variations]"
Add component (AddParameter): Name = "Temperature characteristics"; Value = "X7R"; VariantName = "[No Variations]"
Add component (AddParameter): Name = "Tolerance"; Value = "+/-20%"; VariantName = "[No Variations]"
Add component (AddParameter): Name = "Value"; Value = "1uF"; VariantName = "[No Variations]"
Add component (AddParameter): Name = "Voltage"; Value = "50V"; VariantName = "[No Variations]"
Added Component: Designator=C7(CAP_0603_UN1Q)
Add component (AddParameter): Name = "Alternative component"; Value = "Allowed"; VariantName = "[No Variations]"
Add component (AddParameter): Name = "ClassName"; Value = ""; VariantName = "[No Variations]"
Add component (AddParameter): Name = "Component Type"; Value = "Capacitor"; VariantName = "[No Variations]"
Add component (AddParameter): Name = "ComponentLink1Description"; Value = "1_Datasheet"; VariantName = "[No Variations]"
Add component (AddParameter): Name = "ComponentLink1URL"; Value = ""; VariantName = "[No Variations]"
Add component (AddParameter): Name = "ComponentLink2Description"; Value = "2_Product page"; VariantName = "[No Variations]"
Add component (AddParameter): Name = "ComponentLink2URL"; Value = ""; VariantName = "[No Variations]"
Add component (AddParameter): Name = "ComponentLink3Description"; Value = "3_X-information"; VariantName = "[No Variations]"
Add component (AddParameter): Name = "ComponentLink3URL"; Value = ""; VariantName = "[No Variations]"
Add component (AddParameter): Name = "ComponentLink4Description"; Value = "4_X-information"; VariantName = "[No Variations]"
Add component (AddParameter): Name = "ComponentLink4URL"; Value = ""; VariantName = "[No Variations]"
Add component (AddParameter): Name = "ComponentLink5Description"; Value = ""; VariantName = "[No Variations]"
Add component (AddParameter): Name = "ComponentLink5URL"; Value = ""; VariantName = "[No Variations]"
Add component (AddParameter): Name = "Creation date"; Value = "20210917"; VariantName = "[No Variations]"
Add component (AddParameter): Name = "Dimensions WxLxH"; Value = ""; VariantName = "[No Variations]"
Add component (AddParameter): Name = "ECCN"; Value = ""; VariantName = "[No Variations]"
Add component (AddParameter): Name = "HasBeenBuilt"; Value = "TBD"; VariantName = "[No Variations]"
Add component (AddParameter): Name = "Manufacturer"; Value = "Taiyo Yuden"; VariantName = "[No Variations]"
Add component (AddParameter): Name = "Manufacturer Part Number"; Value = "UMK107AB7105KA-T"; VariantName = "[No Variations]"
Add component (AddParameter): Name = "Operating temperature range"; Value = ""; VariantName = "[No Variations]"
Add component (AddParameter): Name = "Package"; Value = "0603"; VariantName = "[No Variations]"
Add component (AddParameter): Name = "Part Number"; Value = "UMK107AB7105KA-T"; VariantName = "[No Variations]"
Add component (AddParameter): Name = "Remark"; Value = ""; VariantName = "[No Variations]"
Add component (AddParameter): Name = "RoHS"; Value = ""; VariantName = "[No Variations]"
Add component (AddParameter): Name = "Sort order"; Value = "306"; VariantName = "[No Variations]"
Add component (AddParameter): Name = "Source"; Value = "RLC_UN1Q.SchLib"; VariantName = "[No Variations]"
Add component (AddParameter): Name = "System"; Value = "RLC"; VariantName = "[No Variations]"
Add component (AddParameter): Name = "Temperature characteristics"; Value = "X7R"; VariantName = "[No Variations]"
Add component (AddParameter): Name = "Tolerance"; Value = "+/-20%"; VariantName = "[No Variations]"
Add component (AddParameter): Name = "Value"; Value = "1uF"; VariantName = "[No Variations]"
Add component (AddParameter): Name = "Voltage"; Value = "50V"; VariantName = "[No Variations]"
Added Component: Designator=C8(CAP_0603_UN1Q)
Add component (AddParameter): Name = "Alternative component"; Value = "Allowed"; VariantName = "[No Variations]"
Add component (AddParameter): Name = "ClassName"; Value = ""; VariantName = "[No Variations]"
Add component (AddParameter): Name = "Component Type"; Value = "Capacitor"; VariantName = "[No Variations]"
Add component (AddParameter): Name = "ComponentLink1Description"; Value = "1_Datasheet"; VariantName = "[No Variations]"
Add component (AddParameter): Name = "ComponentLink1URL"; Value = ""; VariantName = "[No Variations]"
Add component (AddParameter): Name = "ComponentLink2Description"; Value = "2_Product page"; VariantName = "[No Variations]"
Add component (AddParameter): Name = "ComponentLink2URL"; Value = ""; VariantName = "[No Variations]"
Add component (AddParameter): Name = "ComponentLink3Description"; Value = "3_X-information"; VariantName = "[No Variations]"
Add component (AddParameter): Name = "ComponentLink3URL"; Value = ""; VariantName = "[No Variations]"
Add component (AddParameter): Name = "ComponentLink4Description"; Value = "4_X-information"; VariantName = "[No Variations]"
Add component (AddParameter): Name = "ComponentLink4URL"; Value = ""; VariantName = "[No Variations]"
Add component (AddParameter): Name = "ComponentLink5Description"; Value = ""; VariantName = "[No Variations]"
Add component (AddParameter): Name = "ComponentLink5URL"; Value = ""; VariantName = "[No Variations]"
Add component (AddParameter): Name = "Creation date"; Value = "20210917"; VariantName = "[No Variations]"
Add component (AddParameter): Name = "Dimensions WxLxH"; Value = ""; VariantName = "[No Variations]"
Add component (AddParameter): Name = "ECCN"; Value = ""; VariantName = "[No Variations]"
Add component (AddParameter): Name = "HasBeenBuilt"; Value = "TBD"; VariantName = "[No Variations]"
Add component (AddParameter): Name = "Manufacturer"; Value = "Taiyo Yuden"; VariantName = "[No Variations]"
Add component (AddParameter): Name = "Manufacturer Part Number"; Value = "UMK107AB7105KA-T"; VariantName = "[No Variations]"
Add component (AddParameter): Name = "Operating temperature range"; Value = ""; VariantName = "[No Variations]"
Add component (AddParameter): Name = "Package"; Value = "0603"; VariantName = "[No Variations]"
Add component (AddParameter): Name = "Part Number"; Value = "UMK107AB7105KA-T"; VariantName = "[No Variations]"
Add component (AddParameter): Name = "Remark"; Value = ""; VariantName = "[No Variations]"
Add component (AddParameter): Name = "RoHS"; Value = ""; VariantName = "[No Variations]"
Add component (AddParameter): Name = "Sort order"; Value = "306"; VariantName = "[No Variations]"
Add component (AddParameter): Name = "Source"; Value = "RLC_UN1Q.SchLib"; VariantName = "[No Variations]"
Add component (AddParameter): Name = "System"; Value = "RLC"; VariantName = "[No Variations]"
Add component (AddParameter): Name = "Temperature characteristics"; Value = "X7R"; VariantName = "[No Variations]"
Add component (AddParameter): Name = "Tolerance"; Value = "+/-20%"; VariantName = "[No Variations]"
Add component (AddParameter): Name = "Value"; Value = "1uF"; VariantName = "[No Variations]"
Add component (AddParameter): Name = "Voltage"; Value = "50V"; VariantName = "[No Variations]"
Added Component: Designator=C9(CAP_0603_UN1Q)
Add component (AddParameter): Name = "Alternative component"; Value = "Allowed"; VariantName = "[No Variations]"
Add component (AddParameter): Name = "ClassName"; Value = ""; VariantName = "[No Variations]"
Add component (AddParameter): Name = "Component Type"; Value = "Capacitor"; VariantName = "[No Variations]"
Add component (AddParameter): Name = "ComponentLink1Description"; Value = "1_Datasheet"; VariantName = "[No Variations]"
Add component (AddParameter): Name = "ComponentLink1URL"; Value = ""; VariantName = "[No Variations]"
Add component (AddParameter): Name = "ComponentLink2Description"; Value = "2_Product page"; VariantName = "[No Variations]"
Add component (AddParameter): Name = "ComponentLink2URL"; Value = ""; VariantName = "[No Variations]"
Add component (AddParameter): Name = "ComponentLink3Description"; Value = "3_X-information"; VariantName = "[No Variations]"
Add component (AddParameter): Name = "ComponentLink3URL"; Value = ""; VariantName = "[No Variations]"
Add component (AddParameter): Name = "ComponentLink4Description"; Value = "4_X-information"; VariantName = "[No Variations]"
Add component (AddParameter): Name = "ComponentLink4URL"; Value = ""; VariantName = "[No Variations]"
Add component (AddParameter): Name = "ComponentLink5Description"; Value = ""; VariantName = "[No Variations]"
Add component (AddParameter): Name = "ComponentLink5URL"; Value = ""; VariantName = "[No Variations]"
Add component (AddParameter): Name = "Creation date"; Value = "20210917"; VariantName = "[No Variations]"
Add component (AddParameter): Name = "Dimensions WxLxH"; Value = ""; VariantName = "[No Variations]"
Add component (AddParameter): Name = "ECCN"; Value = ""; VariantName = "[No Variations]"
Add component (AddParameter): Name = "HasBeenBuilt"; Value = "TBD"; VariantName = "[No Variations]"
Add component (AddParameter): Name = "Manufacturer"; Value = "Taiyo Yuden"; VariantName = "[No Variations]"
Add component (AddParameter): Name = "Manufacturer Part Number"; Value = "UMK107AB7105KA-T"; VariantName = "[No Variations]"
Add component (AddParameter): Name = "Operating temperature range"; Value = ""; VariantName = "[No Variations]"
Add component (AddParameter): Name = "Package"; Value = "0603"; VariantName = "[No Variations]"
Add component (AddParameter): Name = "Part Number"; Value = "UMK107AB7105KA-T"; VariantName = "[No Variations]"
Add component (AddParameter): Name = "Remark"; Value = ""; VariantName = "[No Variations]"
Add component (AddParameter): Name = "RoHS"; Value = ""; VariantName = "[No Variations]"
Add component (AddParameter): Name = "Sort order"; Value = "306"; VariantName = "[No Variations]"
Add component (AddParameter): Name = "Source"; Value = "RLC_UN1Q.SchLib"; VariantName = "[No Variations]"
Add component (AddParameter): Name = "System"; Value = "RLC"; VariantName = "[No Variations]"
Add component (AddParameter): Name = "Temperature characteristics"; Value = "X7R"; VariantName = "[No Variations]"
Add component (AddParameter): Name = "Tolerance"; Value = "+/-20%"; VariantName = "[No Variations]"
Add component (AddParameter): Name = "Value"; Value = "1uF"; VariantName = "[No Variations]"
Add component (AddParameter): Name = "Voltage"; Value = "50V"; VariantName = "[No Variations]"
Added Component: Designator=C10(CAP_0603_UN1Q)
Add component (AddParameter): Name = "Alternative component"; Value = "Allowed"; VariantName = "[No Variations]"
Add component (AddParameter): Name = "ClassName"; Value = ""; VariantName = "[No Variations]"
Add component (AddParameter): Name = "Component Type"; Value = "Capacitor"; VariantName = "[No Variations]"
Add component (AddParameter): Name = "ComponentLink1Description"; Value = "1_Datasheet"; VariantName = "[No Variations]"
Add component (AddParameter): Name = "ComponentLink1URL"; Value = ""; VariantName = "[No Variations]"
Add component (AddParameter): Name = "ComponentLink2Description"; Value = "2_Product page"; VariantName = "[No Variations]"
Add component (AddParameter): Name = "ComponentLink2URL"; Value = ""; VariantName = "[No Variations]"
Add component (AddParameter): Name = "ComponentLink3Description"; Value = "3_X-information"; VariantName = "[No Variations]"
Add component (AddParameter): Name = "ComponentLink3URL"; Value = ""; VariantName = "[No Variations]"
Add component (AddParameter): Name = "ComponentLink4Description"; Value = "4_X-information"; VariantName = "[No Variations]"
Add component (AddParameter): Name = "ComponentLink4URL"; Value = ""; VariantName = "[No Variations]"
Add component (AddParameter): Name = "ComponentLink5Description"; Value = ""; VariantName = "[No Variations]"
Add component (AddParameter): Name = "ComponentLink5URL"; Value = ""; VariantName = "[No Variations]"
Add component (AddParameter): Name = "Creation date"; Value = "20210927"; VariantName = "[No Variations]"
Add component (AddParameter): Name = "Dimensions WxLxH"; Value = ""; VariantName = "[No Variations]"
Add component (AddParameter): Name = "ECCN"; Value = "EAR99"; VariantName = "[No Variations]"
Add component (AddParameter): Name = "HasBeenBuilt"; Value = "TBD"; VariantName = "[No Variations]"
Add component (AddParameter): Name = "Manufacturer"; Value = "Murata"; VariantName = "[No Variations]"
Add component (AddParameter): Name = "Manufacturer Part Number"; Value = "GCM188R71H102KA37J"; VariantName = "[No Variations]"
Add component (AddParameter): Name = "Operating temperature range"; Value = "-55 ... +125°C"; VariantName = "[No Variations]"
Add component (AddParameter): Name = "Package"; Value = "0603"; VariantName = "[No Variations]"
Add component (AddParameter): Name = "Part Number"; Value = "GCM188R71H102KA37J"; VariantName = "[No Variations]"
Add component (AddParameter): Name = "Remark"; Value = ""; VariantName = "[No Variations]"
Add component (AddParameter): Name = "RoHS"; Value = "RoHS3"; VariantName = "[No Variations]"
Add component (AddParameter): Name = "Sort order"; Value = "306"; VariantName = "[No Variations]"
Add component (AddParameter): Name = "Source"; Value = "RLC_UN1Q.SchLib"; VariantName = "[No Variations]"
Add component (AddParameter): Name = "System"; Value = "RLC"; VariantName = "[No Variations]"
Add component (AddParameter): Name = "Temperature characteristics"; Value = "X7R"; VariantName = "[No Variations]"
Add component (AddParameter): Name = "Tolerance"; Value = "+/-10%"; VariantName = "[No Variations]"
Add component (AddParameter): Name = "Value"; Value = "100p"; VariantName = "[No Variations]"
Add component (AddParameter): Name = "Voltage"; Value = "50V"; VariantName = "[No Variations]"
Added Component: Designator=C11(CAP_0603_UN1Q)
Add component (AddParameter): Name = "Alternative component"; Value = "Allowed"; VariantName = "[No Variations]"
Add component (AddParameter): Name = "ClassName"; Value = ""; VariantName = "[No Variations]"
Add component (AddParameter): Name = "Component Type"; Value = "Capacitor"; VariantName = "[No Variations]"
Add component (AddParameter): Name = "ComponentLink1Description"; Value = "1_Datasheet"; VariantName = "[No Variations]"
Add component (AddParameter): Name = "ComponentLink1URL"; Value = ""; VariantName = "[No Variations]"
Add component (AddParameter): Name = "ComponentLink2Description"; Value = "2_Product page"; VariantName = "[No Variations]"
Add component (AddParameter): Name = "ComponentLink2URL"; Value = ""; VariantName = "[No Variations]"
Add component (AddParameter): Name = "ComponentLink3Description"; Value = "3_X-information"; VariantName = "[No Variations]"
Add component (AddParameter): Name = "ComponentLink3URL"; Value = ""; VariantName = "[No Variations]"
Add component (AddParameter): Name = "ComponentLink4Description"; Value = "4_X-information"; VariantName = "[No Variations]"
Add component (AddParameter): Name = "ComponentLink4URL"; Value = ""; VariantName = "[No Variations]"
Add component (AddParameter): Name = "ComponentLink5Description"; Value = ""; VariantName = "[No Variations]"
Add component (AddParameter): Name = "ComponentLink5URL"; Value = ""; VariantName = "[No Variations]"
Add component (AddParameter): Name = "Creation date"; Value = "20210927"; VariantName = "[No Variations]"
Add component (AddParameter): Name = "Dimensions WxLxH"; Value = ""; VariantName = "[No Variations]"
Add component (AddParameter): Name = "ECCN"; Value = "EAR99"; VariantName = "[No Variations]"
Add component (AddParameter): Name = "HasBeenBuilt"; Value = "TBD"; VariantName = "[No Variations]"
Add component (AddParameter): Name = "Manufacturer"; Value = "Murata"; VariantName = "[No Variations]"
Add component (AddParameter): Name = "Manufacturer Part Number"; Value = "GCM188R71H102KA37J"; VariantName = "[No Variations]"
Add component (AddParameter): Name = "Operating temperature range"; Value = "-55 ... +125°C"; VariantName = "[No Variations]"
Add component (AddParameter): Name = "Package"; Value = "0603"; VariantName = "[No Variations]"
Add component (AddParameter): Name = "Part Number"; Value = "GCM188R71H102KA37J"; VariantName = "[No Variations]"
Add component (AddParameter): Name = "Remark"; Value = ""; VariantName = "[No Variations]"
Add component (AddParameter): Name = "RoHS"; Value = "RoHS3"; VariantName = "[No Variations]"
Add component (AddParameter): Name = "Sort order"; Value = "306"; VariantName = "[No Variations]"
Add component (AddParameter): Name = "Source"; Value = "RLC_UN1Q.SchLib"; VariantName = "[No Variations]"
Add component (AddParameter): Name = "System"; Value = "RLC"; VariantName = "[No Variations]"
Add component (AddParameter): Name = "Temperature characteristics"; Value = "X7R"; VariantName = "[No Variations]"
Add component (AddParameter): Name = "Tolerance"; Value = "+/-10%"; VariantName = "[No Variations]"
Add component (AddParameter): Name = "Value"; Value = "100p"; VariantName = "[No Variations]"
Add component (AddParameter): Name = "Voltage"; Value = "50V"; VariantName = "[No Variations]"
Added Component: Designator=C12(CAP_0603_UN1Q)
Add component (AddParameter): Name = "Alternative component"; Value = "Allowed"; VariantName = "[No Variations]"
Add component (AddParameter): Name = "ClassName"; Value = ""; VariantName = "[No Variations]"
Add component (AddParameter): Name = "Component Type"; Value = "Capacitor"; VariantName = "[No Variations]"
Add component (AddParameter): Name = "ComponentLink1Description"; Value = "1_Datasheet"; VariantName = "[No Variations]"
Add component (AddParameter): Name = "ComponentLink1URL"; Value = ""; VariantName = "[No Variations]"
Add component (AddParameter): Name = "ComponentLink2Description"; Value = "2_Product page"; VariantName = "[No Variations]"
Add component (AddParameter): Name = "ComponentLink2URL"; Value = ""; VariantName = "[No Variations]"
Add component (AddParameter): Name = "ComponentLink3Description"; Value = "3_X-information"; VariantName = "[No Variations]"
Add component (AddParameter): Name = "ComponentLink3URL"; Value = ""; VariantName = "[No Variations]"
Add component (AddParameter): Name = "ComponentLink4Description"; Value = "4_X-information"; VariantName = "[No Variations]"
Add component (AddParameter): Name = "ComponentLink4URL"; Value = ""; VariantName = "[No Variations]"
Add component (AddParameter): Name = "ComponentLink5Description"; Value = ""; VariantName = "[No Variations]"
Add component (AddParameter): Name = "ComponentLink5URL"; Value = ""; VariantName = "[No Variations]"
Add component (AddParameter): Name = "Creation date"; Value = "20210927"; VariantName = "[No Variations]"
Add component (AddParameter): Name = "Dimensions WxLxH"; Value = ""; VariantName = "[No Variations]"
Add component (AddParameter): Name = "ECCN"; Value = "EAR99"; VariantName = "[No Variations]"
Add component (AddParameter): Name = "HasBeenBuilt"; Value = "TBD"; VariantName = "[No Variations]"
Add component (AddParameter): Name = "Manufacturer"; Value = "Murata"; VariantName = "[No Variations]"
Add component (AddParameter): Name = "Manufacturer Part Number"; Value = "GCM188R71H102KA37J"; VariantName = "[No Variations]"
Add component (AddParameter): Name = "Operating temperature range"; Value = "-55 ... +125°C"; VariantName = "[No Variations]"
Add component (AddParameter): Name = "Package"; Value = "0603"; VariantName = "[No Variations]"
Add component (AddParameter): Name = "Part Number"; Value = "GCM188R71H102KA37J"; VariantName = "[No Variations]"
Add component (AddParameter): Name = "Remark"; Value = ""; VariantName = "[No Variations]"
Add component (AddParameter): Name = "RoHS"; Value = "RoHS3"; VariantName = "[No Variations]"
Add component (AddParameter): Name = "Sort order"; Value = "306"; VariantName = "[No Variations]"
Add component (AddParameter): Name = "Source"; Value = "RLC_UN1Q.SchLib"; VariantName = "[No Variations]"
Add component (AddParameter): Name = "System"; Value = "RLC"; VariantName = "[No Variations]"
Add component (AddParameter): Name = "Temperature characteristics"; Value = "X7R"; VariantName = "[No Variations]"
Add component (AddParameter): Name = "Tolerance"; Value = "+/-10%"; VariantName = "[No Variations]"
Add component (AddParameter): Name = "Value"; Value = "100p"; VariantName = "[No Variations]"
Add component (AddParameter): Name = "Voltage"; Value = "50V"; VariantName = "[No Variations]"
Added Component: Designator=C13(CAP_0603_UN1Q)
Add component (AddParameter): Name = "Alternative component"; Value = "Allowed"; VariantName = "[No Variations]"
Add component (AddParameter): Name = "ClassName"; Value = ""; VariantName = "[No Variations]"
Add component (AddParameter): Name = "Component Type"; Value = "Capacitor"; VariantName = "[No Variations]"
Add component (AddParameter): Name = "ComponentLink1Description"; Value = "1_Datasheet"; VariantName = "[No Variations]"
Add component (AddParameter): Name = "ComponentLink1URL"; Value = ""; VariantName = "[No Variations]"
Add component (AddParameter): Name = "ComponentLink2Description"; Value = "2_Product page"; VariantName = "[No Variations]"
Add component (AddParameter): Name = "ComponentLink2URL"; Value = ""; VariantName = "[No Variations]"
Add component (AddParameter): Name = "ComponentLink3Description"; Value = "3_X-information"; VariantName = "[No Variations]"
Add component (AddParameter): Name = "ComponentLink3URL"; Value = ""; VariantName = "[No Variations]"
Add component (AddParameter): Name = "ComponentLink4Description"; Value = "4_X-information"; VariantName = "[No Variations]"
Add component (AddParameter): Name = "ComponentLink4URL"; Value = ""; VariantName = "[No Variations]"
Add component (AddParameter): Name = "ComponentLink5Description"; Value = ""; VariantName = "[No Variations]"
Add component (AddParameter): Name = "ComponentLink5URL"; Value = ""; VariantName = "[No Variations]"
Add component (AddParameter): Name = "Creation date"; Value = "20210927"; VariantName = "[No Variations]"
Add component (AddParameter): Name = "Dimensions WxLxH"; Value = ""; VariantName = "[No Variations]"
Add component (AddParameter): Name = "ECCN"; Value = "EAR99"; VariantName = "[No Variations]"
Add component (AddParameter): Name = "HasBeenBuilt"; Value = "TBD"; VariantName = "[No Variations]"
Add component (AddParameter): Name = "Manufacturer"; Value = "Murata"; VariantName = "[No Variations]"
Add component (AddParameter): Name = "Manufacturer Part Number"; Value = "GCM188R71H102KA37J"; VariantName = "[No Variations]"
Add component (AddParameter): Name = "Operating temperature range"; Value = "-55 ... +125°C"; VariantName = "[No Variations]"
Add component (AddParameter): Name = "Package"; Value = "0603"; VariantName = "[No Variations]"
Add component (AddParameter): Name = "Part Number"; Value = "GCM188R71H102KA37J"; VariantName = "[No Variations]"
Add component (AddParameter): Name = "Remark"; Value = ""; VariantName = "[No Variations]"
Add component (AddParameter): Name = "RoHS"; Value = "RoHS3"; VariantName = "[No Variations]"
Add component (AddParameter): Name = "Sort order"; Value = "306"; VariantName = "[No Variations]"
Add component (AddParameter): Name = "Source"; Value = "RLC_UN1Q.SchLib"; VariantName = "[No Variations]"
Add component (AddParameter): Name = "System"; Value = "RLC"; VariantName = "[No Variations]"
Add component (AddParameter): Name = "Temperature characteristics"; Value = "X7R"; VariantName = "[No Variations]"
Add component (AddParameter): Name = "Tolerance"; Value = "+/-10%"; VariantName = "[No Variations]"
Add component (AddParameter): Name = "Value"; Value = "100p"; VariantName = "[No Variations]"
Add component (AddParameter): Name = "Voltage"; Value = "50V"; VariantName = "[No Variations]"
Added Component: Designator=C14(CAP_0603_UN1Q)
Add component (AddParameter): Name = "Alternative component"; Value = "Allowed"; VariantName = "[No Variations]"
Add component (AddParameter): Name = "ClassName"; Value = ""; VariantName = "[No Variations]"
Add component (AddParameter): Name = "Component Type"; Value = "Capacitor"; VariantName = "[No Variations]"
Add component (AddParameter): Name = "ComponentLink1Description"; Value = "1_Datasheet"; VariantName = "[No Variations]"
Add component (AddParameter): Name = "ComponentLink1URL"; Value = ""; VariantName = "[No Variations]"
Add component (AddParameter): Name = "ComponentLink2Description"; Value = "2_Product page"; VariantName = "[No Variations]"
Add component (AddParameter): Name = "ComponentLink2URL"; Value = ""; VariantName = "[No Variations]"
Add component (AddParameter): Name = "ComponentLink3Description"; Value = "3_X-information"; VariantName = "[No Variations]"
Add component (AddParameter): Name = "ComponentLink3URL"; Value = ""; VariantName = "[No Variations]"
Add component (AddParameter): Name = "ComponentLink4Description"; Value = "4_X-information"; VariantName = "[No Variations]"
Add component (AddParameter): Name = "ComponentLink4URL"; Value = ""; VariantName = "[No Variations]"
Add component (AddParameter): Name = "ComponentLink5Description"; Value = ""; VariantName = "[No Variations]"
Add component (AddParameter): Name = "ComponentLink5URL"; Value = ""; VariantName = "[No Variations]"
Add component (AddParameter): Name = "Creation date"; Value = "20210927"; VariantName = "[No Variations]"
Add component (AddParameter): Name = "Dimensions WxLxH"; Value = ""; VariantName = "[No Variations]"
Add component (AddParameter): Name = "ECCN"; Value = "EAR99"; VariantName = "[No Variations]"
Add component (AddParameter): Name = "HasBeenBuilt"; Value = "TBD"; VariantName = "[No Variations]"
Add component (AddParameter): Name = "Manufacturer"; Value = "Murata"; VariantName = "[No Variations]"
Add component (AddParameter): Name = "Manufacturer Part Number"; Value = "GCM188R71H102KA37J"; VariantName = "[No Variations]"
Add component (AddParameter): Name = "Operating temperature range"; Value = "-55 ... +125°C"; VariantName = "[No Variations]"
Add component (AddParameter): Name = "Package"; Value = "0603"; VariantName = "[No Variations]"
Add component (AddParameter): Name = "Part Number"; Value = "GCM188R71H102KA37J"; VariantName = "[No Variations]"
Add component (AddParameter): Name = "Remark"; Value = ""; VariantName = "[No Variations]"
Add component (AddParameter): Name = "RoHS"; Value = "RoHS3"; VariantName = "[No Variations]"
Add component (AddParameter): Name = "Sort order"; Value = "306"; VariantName = "[No Variations]"
Add component (AddParameter): Name = "Source"; Value = "RLC_UN1Q.SchLib"; VariantName = "[No Variations]"
Add component (AddParameter): Name = "System"; Value = "RLC"; VariantName = "[No Variations]"
Add component (AddParameter): Name = "Temperature characteristics"; Value = "X7R"; VariantName = "[No Variations]"
Add component (AddParameter): Name = "Tolerance"; Value = "+/-10%"; VariantName = "[No Variations]"
Add component (AddParameter): Name = "Value"; Value = "100p"; VariantName = "[No Variations]"
Add component (AddParameter): Name = "Voltage"; Value = "50V"; VariantName = "[No Variations]"
Added Component: Designator=C15(CAP_0603_UN1Q)
Add component (AddParameter): Name = "Alternative component"; Value = "Allowed"; VariantName = "[No Variations]"
Add component (AddParameter): Name = "ClassName"; Value = ""; VariantName = "[No Variations]"
Add component (AddParameter): Name = "Component Type"; Value = "Capacitor"; VariantName = "[No Variations]"
Add component (AddParameter): Name = "ComponentLink1Description"; Value = "1_Datasheet"; VariantName = "[No Variations]"
Add component (AddParameter): Name = "ComponentLink1URL"; Value = ""; VariantName = "[No Variations]"
Add component (AddParameter): Name = "ComponentLink2Description"; Value = "2_Product page"; VariantName = "[No Variations]"
Add component (AddParameter): Name = "ComponentLink2URL"; Value = ""; VariantName = "[No Variations]"
Add component (AddParameter): Name = "ComponentLink3Description"; Value = "3_X-information"; VariantName = "[No Variations]"
Add component (AddParameter): Name = "ComponentLink3URL"; Value = ""; VariantName = "[No Variations]"
Add component (AddParameter): Name = "ComponentLink4Description"; Value = "4_X-information"; VariantName = "[No Variations]"
Add component (AddParameter): Name = "ComponentLink4URL"; Value = ""; VariantName = "[No Variations]"
Add component (AddParameter): Name = "ComponentLink5Description"; Value = ""; VariantName = "[No Variations]"
Add component (AddParameter): Name = "ComponentLink5URL"; Value = ""; VariantName = "[No Variations]"
Add component (AddParameter): Name = "Creation date"; Value = "20210927"; VariantName = "[No Variations]"
Add component (AddParameter): Name = "Dimensions WxLxH"; Value = ""; VariantName = "[No Variations]"
Add component (AddParameter): Name = "ECCN"; Value = "EAR99"; VariantName = "[No Variations]"
Add component (AddParameter): Name = "HasBeenBuilt"; Value = "TBD"; VariantName = "[No Variations]"
Add component (AddParameter): Name = "Manufacturer"; Value = "Murata"; VariantName = "[No Variations]"
Add component (AddParameter): Name = "Manufacturer Part Number"; Value = "GCM188R71H102KA37J"; VariantName = "[No Variations]"
Add component (AddParameter): Name = "Operating temperature range"; Value = "-55 ... +125°C"; VariantName = "[No Variations]"
Add component (AddParameter): Name = "Package"; Value = "0603"; VariantName = "[No Variations]"
Add component (AddParameter): Name = "Part Number"; Value = "GCM188R71H102KA37J"; VariantName = "[No Variations]"
Add component (AddParameter): Name = "Remark"; Value = ""; VariantName = "[No Variations]"
Add component (AddParameter): Name = "RoHS"; Value = "RoHS3"; VariantName = "[No Variations]"
Add component (AddParameter): Name = "Sort order"; Value = "306"; VariantName = "[No Variations]"
Add component (AddParameter): Name = "Source"; Value = "RLC_UN1Q.SchLib"; VariantName = "[No Variations]"
Add component (AddParameter): Name = "System"; Value = "RLC"; VariantName = "[No Variations]"
Add component (AddParameter): Name = "Temperature characteristics"; Value = "X7R"; VariantName = "[No Variations]"
Add component (AddParameter): Name = "Tolerance"; Value = "+/-10%"; VariantName = "[No Variations]"
Add component (AddParameter): Name = "Value"; Value = "100p"; VariantName = "[No Variations]"
Add component (AddParameter): Name = "Voltage"; Value = "50V"; VariantName = "[No Variations]"
Added Component: Designator=C16(CAP_0603_UN1Q)
Add component (AddParameter): Name = "Alternative component"; Value = "Allowed"; VariantName = "[No Variations]"
Add component (AddParameter): Name = "ClassName"; Value = ""; VariantName = "[No Variations]"
Add component (AddParameter): Name = "Component Type"; Value = "Capacitor"; VariantName = "[No Variations]"
Add component (AddParameter): Name = "ComponentLink1Description"; Value = "1_Datasheet"; VariantName = "[No Variations]"
Add component (AddParameter): Name = "ComponentLink1URL"; Value = ""; VariantName = "[No Variations]"
Add component (AddParameter): Name = "ComponentLink2Description"; Value = "2_Product page"; VariantName = "[No Variations]"
Add component (AddParameter): Name = "ComponentLink2URL"; Value = ""; VariantName = "[No Variations]"
Add component (AddParameter): Name = "ComponentLink3Description"; Value = "3_X-information"; VariantName = "[No Variations]"
Add component (AddParameter): Name = "ComponentLink3URL"; Value = ""; VariantName = "[No Variations]"
Add component (AddParameter): Name = "ComponentLink4Description"; Value = "4_X-information"; VariantName = "[No Variations]"
Add component (AddParameter): Name = "ComponentLink4URL"; Value = ""; VariantName = "[No Variations]"
Add component (AddParameter): Name = "ComponentLink5Description"; Value = ""; VariantName = "[No Variations]"
Add component (AddParameter): Name = "ComponentLink5URL"; Value = ""; VariantName = "[No Variations]"
Add component (AddParameter): Name = "Creation date"; Value = "20210927"; VariantName = "[No Variations]"
Add component (AddParameter): Name = "Dimensions WxLxH"; Value = ""; VariantName = "[No Variations]"
Add component (AddParameter): Name = "ECCN"; Value = "EAR99"; VariantName = "[No Variations]"
Add component (AddParameter): Name = "HasBeenBuilt"; Value = "TBD"; VariantName = "[No Variations]"
Add component (AddParameter): Name = "Manufacturer"; Value = "Murata"; VariantName = "[No Variations]"
Add component (AddParameter): Name = "Manufacturer Part Number"; Value = "GCM188R71H102KA37J"; VariantName = "[No Variations]"
Add component (AddParameter): Name = "Operating temperature range"; Value = "-55 ... +125°C"; VariantName = "[No Variations]"
Add component (AddParameter): Name = "Package"; Value = "0603"; VariantName = "[No Variations]"
Add component (AddParameter): Name = "Part Number"; Value = "GCM188R71H102KA37J"; VariantName = "[No Variations]"
Add component (AddParameter): Name = "Remark"; Value = ""; VariantName = "[No Variations]"
Add component (AddParameter): Name = "RoHS"; Value = "RoHS3"; VariantName = "[No Variations]"
Add component (AddParameter): Name = "Sort order"; Value = "306"; VariantName = "[No Variations]"
Add component (AddParameter): Name = "Source"; Value = "RLC_UN1Q.SchLib"; VariantName = "[No Variations]"
Add component (AddParameter): Name = "System"; Value = "RLC"; VariantName = "[No Variations]"
Add component (AddParameter): Name = "Temperature characteristics"; Value = "X7R"; VariantName = "[No Variations]"
Add component (AddParameter): Name = "Tolerance"; Value = "+/-10%"; VariantName = "[No Variations]"
Add component (AddParameter): Name = "Value"; Value = "100p"; VariantName = "[No Variations]"
Add component (AddParameter): Name = "Voltage"; Value = "50V"; VariantName = "[No Variations]"
Added Component: Designator=C17(CAP_0603_UN1Q)
Add component (AddParameter): Name = "Alternative component"; Value = "Allowed"; VariantName = "[No Variations]"
Add component (AddParameter): Name = "ClassName"; Value = ""; VariantName = "[No Variations]"
Add component (AddParameter): Name = "Component Type"; Value = "Capacitor"; VariantName = "[No Variations]"
Add component (AddParameter): Name = "ComponentLink1Description"; Value = "1_Datasheet"; VariantName = "[No Variations]"
Add component (AddParameter): Name = "ComponentLink1URL"; Value = ""; VariantName = "[No Variations]"
Add component (AddParameter): Name = "ComponentLink2Description"; Value = "2_Product page"; VariantName = "[No Variations]"
Add component (AddParameter): Name = "ComponentLink2URL"; Value = ""; VariantName = "[No Variations]"
Add component (AddParameter): Name = "ComponentLink3Description"; Value = "3_X-information"; VariantName = "[No Variations]"
Add component (AddParameter): Name = "ComponentLink3URL"; Value = ""; VariantName = "[No Variations]"
Add component (AddParameter): Name = "ComponentLink4Description"; Value = "4_X-information"; VariantName = "[No Variations]"
Add component (AddParameter): Name = "ComponentLink4URL"; Value = ""; VariantName = "[No Variations]"
Add component (AddParameter): Name = "ComponentLink5Description"; Value = ""; VariantName = "[No Variations]"
Add component (AddParameter): Name = "ComponentLink5URL"; Value = ""; VariantName = "[No Variations]"
Add component (AddParameter): Name = "Creation date"; Value = "20210927"; VariantName = "[No Variations]"
Add component (AddParameter): Name = "Dimensions WxLxH"; Value = ""; VariantName = "[No Variations]"
Add component (AddParameter): Name = "ECCN"; Value = "EAR99"; VariantName = "[No Variations]"
Add component (AddParameter): Name = "HasBeenBuilt"; Value = "TBD"; VariantName = "[No Variations]"
Add component (AddParameter): Name = "Manufacturer"; Value = "Murata"; VariantName = "[No Variations]"
Add component (AddParameter): Name = "Manufacturer Part Number"; Value = "GCM188R71H102KA37J"; VariantName = "[No Variations]"
Add component (AddParameter): Name = "Operating temperature range"; Value = "-55 ... +125°C"; VariantName = "[No Variations]"
Add component (AddParameter): Name = "Package"; Value = "0603"; VariantName = "[No Variations]"
Add component (AddParameter): Name = "Part Number"; Value = "GCM188R71H102KA37J"; VariantName = "[No Variations]"
Add component (AddParameter): Name = "Remark"; Value = ""; VariantName = "[No Variations]"
Add component (AddParameter): Name = "RoHS"; Value = "RoHS3"; VariantName = "[No Variations]"
Add component (AddParameter): Name = "Sort order"; Value = "306"; VariantName = "[No Variations]"
Add component (AddParameter): Name = "Source"; Value = "RLC_UN1Q.SchLib"; VariantName = "[No Variations]"
Add component (AddParameter): Name = "System"; Value = "RLC"; VariantName = "[No Variations]"
Add component (AddParameter): Name = "Temperature characteristics"; Value = "X7R"; VariantName = "[No Variations]"
Add component (AddParameter): Name = "Tolerance"; Value = "+/-10%"; VariantName = "[No Variations]"
Add component (AddParameter): Name = "Value"; Value = "100p"; VariantName = "[No Variations]"
Add component (AddParameter): Name = "Voltage"; Value = "50V"; VariantName = "[No Variations]"
Added Component: Designator=C18(CAP_0603_UN1Q)
Add component (AddParameter): Name = "Alternative component"; Value = "Allowed"; VariantName = "[No Variations]"
Add component (AddParameter): Name = "ClassName"; Value = ""; VariantName = "[No Variations]"
Add component (AddParameter): Name = "Component Type"; Value = "Capacitor"; VariantName = "[No Variations]"
Add component (AddParameter): Name = "ComponentLink1Description"; Value = "1_Datasheet"; VariantName = "[No Variations]"
Add component (AddParameter): Name = "ComponentLink1URL"; Value = ""; VariantName = "[No Variations]"
Add component (AddParameter): Name = "ComponentLink2Description"; Value = "2_Product page"; VariantName = "[No Variations]"
Add component (AddParameter): Name = "ComponentLink2URL"; Value = ""; VariantName = "[No Variations]"
Add component (AddParameter): Name = "ComponentLink3Description"; Value = "3_X-information"; VariantName = "[No Variations]"
Add component (AddParameter): Name = "ComponentLink3URL"; Value = ""; VariantName = "[No Variations]"
Add component (AddParameter): Name = "ComponentLink4Description"; Value = "4_X-information"; VariantName = "[No Variations]"
Add component (AddParameter): Name = "ComponentLink4URL"; Value = ""; VariantName = "[No Variations]"
Add component (AddParameter): Name = "ComponentLink5Description"; Value = ""; VariantName = "[No Variations]"
Add component (AddParameter): Name = "ComponentLink5URL"; Value = ""; VariantName = "[No Variations]"
Add component (AddParameter): Name = "Creation date"; Value = "20210927"; VariantName = "[No Variations]"
Add component (AddParameter): Name = "Dimensions WxLxH"; Value = ""; VariantName = "[No Variations]"
Add component (AddParameter): Name = "ECCN"; Value = "EAR99"; VariantName = "[No Variations]"
Add component (AddParameter): Name = "HasBeenBuilt"; Value = "TBD"; VariantName = "[No Variations]"
Add component (AddParameter): Name = "Manufacturer"; Value = "Murata"; VariantName = "[No Variations]"
Add component (AddParameter): Name = "Manufacturer Part Number"; Value = "GCM188R71H102KA37J"; VariantName = "[No Variations]"
Add component (AddParameter): Name = "Operating temperature range"; Value = "-55 ... +125°C"; VariantName = "[No Variations]"
Add component (AddParameter): Name = "Package"; Value = "0603"; VariantName = "[No Variations]"
Add component (AddParameter): Name = "Part Number"; Value = "GCM188R71H102KA37J"; VariantName = "[No Variations]"
Add component (AddParameter): Name = "Remark"; Value = ""; VariantName = "[No Variations]"
Add component (AddParameter): Name = "RoHS"; Value = "RoHS3"; VariantName = "[No Variations]"
Add component (AddParameter): Name = "Sort order"; Value = "306"; VariantName = "[No Variations]"
Add component (AddParameter): Name = "Source"; Value = "RLC_UN1Q.SchLib"; VariantName = "[No Variations]"
Add component (AddParameter): Name = "System"; Value = "RLC"; VariantName = "[No Variations]"
Add component (AddParameter): Name = "Temperature characteristics"; Value = "X7R"; VariantName = "[No Variations]"
Add component (AddParameter): Name = "Tolerance"; Value = "+/-10%"; VariantName = "[No Variations]"
Add component (AddParameter): Name = "Value"; Value = "100p"; VariantName = "[No Variations]"
Add component (AddParameter): Name = "Voltage"; Value = "50V"; VariantName = "[No Variations]"
Added Component: Designator=C19(CAP_0603_UN1Q)
Add component (AddParameter): Name = "Alternative component"; Value = "Allowed"; VariantName = "[No Variations]"
Add component (AddParameter): Name = "ClassName"; Value = ""; VariantName = "[No Variations]"
Add component (AddParameter): Name = "Component Type"; Value = "Capacitor"; VariantName = "[No Variations]"
Add component (AddParameter): Name = "ComponentLink1Description"; Value = "1_Datasheet"; VariantName = "[No Variations]"
Add component (AddParameter): Name = "ComponentLink1URL"; Value = ""; VariantName = "[No Variations]"
Add component (AddParameter): Name = "ComponentLink2Description"; Value = "2_Product page"; VariantName = "[No Variations]"
Add component (AddParameter): Name = "ComponentLink2URL"; Value = ""; VariantName = "[No Variations]"
Add component (AddParameter): Name = "ComponentLink3Description"; Value = "3_X-information"; VariantName = "[No Variations]"
Add component (AddParameter): Name = "ComponentLink3URL"; Value = ""; VariantName = "[No Variations]"
Add component (AddParameter): Name = "ComponentLink4Description"; Value = "4_X-information"; VariantName = "[No Variations]"
Add component (AddParameter): Name = "ComponentLink4URL"; Value = ""; VariantName = "[No Variations]"
Add component (AddParameter): Name = "ComponentLink5Description"; Value = ""; VariantName = "[No Variations]"
Add component (AddParameter): Name = "ComponentLink5URL"; Value = ""; VariantName = "[No Variations]"
Add component (AddParameter): Name = "Creation date"; Value = "20210927"; VariantName = "[No Variations]"
Add component (AddParameter): Name = "Dimensions WxLxH"; Value = ""; VariantName = "[No Variations]"
Add component (AddParameter): Name = "ECCN"; Value = "EAR99"; VariantName = "[No Variations]"
Add component (AddParameter): Name = "HasBeenBuilt"; Value = "TBD"; VariantName = "[No Variations]"
Add component (AddParameter): Name = "Manufacturer"; Value = "Murata"; VariantName = "[No Variations]"
Add component (AddParameter): Name = "Manufacturer Part Number"; Value = "GCM188R71H102KA37J"; VariantName = "[No Variations]"
Add component (AddParameter): Name = "Operating temperature range"; Value = "-55 ... +125°C"; VariantName = "[No Variations]"
Add component (AddParameter): Name = "Package"; Value = "0603"; VariantName = "[No Variations]"
Add component (AddParameter): Name = "Part Number"; Value = "GCM188R71H102KA37J"; VariantName = "[No Variations]"
Add component (AddParameter): Name = "Remark"; Value = ""; VariantName = "[No Variations]"
Add component (AddParameter): Name = "RoHS"; Value = "RoHS3"; VariantName = "[No Variations]"
Add component (AddParameter): Name = "Sort order"; Value = "306"; VariantName = "[No Variations]"
Add component (AddParameter): Name = "Source"; Value = "RLC_UN1Q.SchLib"; VariantName = "[No Variations]"
Add component (AddParameter): Name = "System"; Value = "RLC"; VariantName = "[No Variations]"
Add component (AddParameter): Name = "Temperature characteristics"; Value = "X7R"; VariantName = "[No Variations]"
Add component (AddParameter): Name = "Tolerance"; Value = "+/-10%"; VariantName = "[No Variations]"
Add component (AddParameter): Name = "Value"; Value = "100p"; VariantName = "[No Variations]"
Add component (AddParameter): Name = "Voltage"; Value = "50V"; VariantName = "[No Variations]"
Added Component: Designator=C20(CAP_0603_UN1Q)
Add component (AddParameter): Name = "Alternative component"; Value = "Allowed"; VariantName = "[No Variations]"
Add component (AddParameter): Name = "ClassName"; Value = ""; VariantName = "[No Variations]"
Add component (AddParameter): Name = "Component Type"; Value = "Capacitor"; VariantName = "[No Variations]"
Add component (AddParameter): Name = "ComponentLink1Description"; Value = "1_Datasheet"; VariantName = "[No Variations]"
Add component (AddParameter): Name = "ComponentLink1URL"; Value = ""; VariantName = "[No Variations]"
Add component (AddParameter): Name = "ComponentLink2Description"; Value = "2_Product page"; VariantName = "[No Variations]"
Add component (AddParameter): Name = "ComponentLink2URL"; Value = ""; VariantName = "[No Variations]"
Add component (AddParameter): Name = "ComponentLink3Description"; Value = "3_X-information"; VariantName = "[No Variations]"
Add component (AddParameter): Name = "ComponentLink3URL"; Value = ""; VariantName = "[No Variations]"
Add component (AddParameter): Name = "ComponentLink4Description"; Value = "4_X-information"; VariantName = "[No Variations]"
Add component (AddParameter): Name = "ComponentLink4URL"; Value = ""; VariantName = "[No Variations]"
Add component (AddParameter): Name = "ComponentLink5Description"; Value = ""; VariantName = "[No Variations]"
Add component (AddParameter): Name = "ComponentLink5URL"; Value = ""; VariantName = "[No Variations]"
Add component (AddParameter): Name = "Creation date"; Value = "20210927"; VariantName = "[No Variations]"
Add component (AddParameter): Name = "Dimensions WxLxH"; Value = ""; VariantName = "[No Variations]"
Add component (AddParameter): Name = "ECCN"; Value = "EAR99"; VariantName = "[No Variations]"
Add component (AddParameter): Name = "HasBeenBuilt"; Value = "TBD"; VariantName = "[No Variations]"
Add component (AddParameter): Name = "Manufacturer"; Value = "Murata"; VariantName = "[No Variations]"
Add component (AddParameter): Name = "Manufacturer Part Number"; Value = "GCM188R71H102KA37J"; VariantName = "[No Variations]"
Add component (AddParameter): Name = "Operating temperature range"; Value = "-55 ... +125°C"; VariantName = "[No Variations]"
Add component (AddParameter): Name = "Package"; Value = "0603"; VariantName = "[No Variations]"
Add component (AddParameter): Name = "Part Number"; Value = "GCM188R71H102KA37J"; VariantName = "[No Variations]"
Add component (AddParameter): Name = "Remark"; Value = ""; VariantName = "[No Variations]"
Add component (AddParameter): Name = "RoHS"; Value = "RoHS3"; VariantName = "[No Variations]"
Add component (AddParameter): Name = "Sort order"; Value = "306"; VariantName = "[No Variations]"
Add component (AddParameter): Name = "Source"; Value = "RLC_UN1Q.SchLib"; VariantName = "[No Variations]"
Add component (AddParameter): Name = "System"; Value = "RLC"; VariantName = "[No Variations]"
Add component (AddParameter): Name = "Temperature characteristics"; Value = "X7R"; VariantName = "[No Variations]"
Add component (AddParameter): Name = "Tolerance"; Value = "+/-10%"; VariantName = "[No Variations]"
Add component (AddParameter): Name = "Value"; Value = "100p"; VariantName = "[No Variations]"
Add component (AddParameter): Name = "Voltage"; Value = "50V"; VariantName = "[No Variations]"
Added Component: Designator=C21(CAP_0603_UN1Q)
Add component (AddParameter): Name = "Alternative component"; Value = ""; VariantName = "[No Variations]"
Add component (AddParameter): Name = "ClassName"; Value = ""; VariantName = "[No Variations]"
Add component (AddParameter): Name = "Component Type"; Value = "Capacitor"; VariantName = "[No Variations]"
Add component (AddParameter): Name = "ComponentLink1Description"; Value = "1_Datasheet"; VariantName = "[No Variations]"
Add component (AddParameter): Name = "ComponentLink1URL"; Value = ""; VariantName = "[No Variations]"
Add component (AddParameter): Name = "ComponentLink2Description"; Value = "2_Product page"; VariantName = "[No Variations]"
Add component (AddParameter): Name = "ComponentLink2URL"; Value = ""; VariantName = "[No Variations]"
Add component (AddParameter): Name = "ComponentLink3Description"; Value = "3_X-information"; VariantName = "[No Variations]"
Add component (AddParameter): Name = "ComponentLink3URL"; Value = ""; VariantName = "[No Variations]"
Add component (AddParameter): Name = "ComponentLink4Description"; Value = "4_X-information"; VariantName = "[No Variations]"
Add component (AddParameter): Name = "ComponentLink4URL"; Value = ""; VariantName = "[No Variations]"
Add component (AddParameter): Name = "ComponentLink5Description"; Value = ""; VariantName = "[No Variations]"
Add component (AddParameter): Name = "ComponentLink5URL"; Value = ""; VariantName = "[No Variations]"
Add component (AddParameter): Name = "Creation date"; Value = "20190101"; VariantName = "[No Variations]"
Add component (AddParameter): Name = "Dimensions WxLxH"; Value = ""; VariantName = "[No Variations]"
Add component (AddParameter): Name = "ECCN"; Value = ""; VariantName = "[No Variations]"
Add component (AddParameter): Name = "HasBeenBuilt"; Value = "TBD"; VariantName = "[No Variations]"
Add component (AddParameter): Name = "Manufacturer"; Value = ""; VariantName = "[No Variations]"
Add component (AddParameter): Name = "Operating temperature range"; Value = ""; VariantName = "[No Variations]"
Add component (AddParameter): Name = "Package"; Value = "0603"; VariantName = "[No Variations]"
Add component (AddParameter): Name = "Part Number"; Value = ""; VariantName = "[No Variations]"
Add component (AddParameter): Name = "Remark"; Value = ""; VariantName = "[No Variations]"
Add component (AddParameter): Name = "RoHS"; Value = ""; VariantName = "[No Variations]"
Add component (AddParameter): Name = "Sort order"; Value = "999"; VariantName = "[No Variations]"
Add component (AddParameter): Name = "Source"; Value = "RLC_UN1Q.SchLib"; VariantName = "[No Variations]"
Add component (AddParameter): Name = "System"; Value = "RLC"; VariantName = "[No Variations]"
Add component (AddParameter): Name = "Temperature characteristics"; Value = ""; VariantName = "[No Variations]"
Add component (AddParameter): Name = "Tolerance"; Value = ""; VariantName = "[No Variations]"
Add component (AddParameter): Name = "Value"; Value = "NA"; VariantName = "[No Variations]"
Add component (AddParameter): Name = "Voltage"; Value = ""; VariantName = "[No Variations]"
Added Component: Designator=C22(CAP_0603_UN1Q)
Add component (AddParameter): Name = "Alternative component"; Value = ""; VariantName = "[No Variations]"
Add component (AddParameter): Name = "ClassName"; Value = ""; VariantName = "[No Variations]"
Add component (AddParameter): Name = "Component Type"; Value = "Capacitor"; VariantName = "[No Variations]"
Add component (AddParameter): Name = "ComponentLink1Description"; Value = "1_Datasheet"; VariantName = "[No Variations]"
Add component (AddParameter): Name = "ComponentLink1URL"; Value = ""; VariantName = "[No Variations]"
Add component (AddParameter): Name = "ComponentLink2Description"; Value = "2_Product page"; VariantName = "[No Variations]"
Add component (AddParameter): Name = "ComponentLink2URL"; Value = ""; VariantName = "[No Variations]"
Add component (AddParameter): Name = "ComponentLink3Description"; Value = "3_X-information"; VariantName = "[No Variations]"
Add component (AddParameter): Name = "ComponentLink3URL"; Value = ""; VariantName = "[No Variations]"
Add component (AddParameter): Name = "ComponentLink4Description"; Value = "4_X-information"; VariantName = "[No Variations]"
Add component (AddParameter): Name = "ComponentLink4URL"; Value = ""; VariantName = "[No Variations]"
Add component (AddParameter): Name = "ComponentLink5Description"; Value = ""; VariantName = "[No Variations]"
Add component (AddParameter): Name = "ComponentLink5URL"; Value = ""; VariantName = "[No Variations]"
Add component (AddParameter): Name = "Creation date"; Value = "20190101"; VariantName = "[No Variations]"
Add component (AddParameter): Name = "Dimensions WxLxH"; Value = ""; VariantName = "[No Variations]"
Add component (AddParameter): Name = "ECCN"; Value = ""; VariantName = "[No Variations]"
Add component (AddParameter): Name = "HasBeenBuilt"; Value = "TBD"; VariantName = "[No Variations]"
Add component (AddParameter): Name = "Manufacturer"; Value = ""; VariantName = "[No Variations]"
Add component (AddParameter): Name = "Operating temperature range"; Value = ""; VariantName = "[No Variations]"
Add component (AddParameter): Name = "Package"; Value = "0603"; VariantName = "[No Variations]"
Add component (AddParameter): Name = "Part Number"; Value = ""; VariantName = "[No Variations]"
Add component (AddParameter): Name = "Remark"; Value = ""; VariantName = "[No Variations]"
Add component (AddParameter): Name = "RoHS"; Value = ""; VariantName = "[No Variations]"
Add component (AddParameter): Name = "Sort order"; Value = "999"; VariantName = "[No Variations]"
Add component (AddParameter): Name = "Source"; Value = "RLC_UN1Q.SchLib"; VariantName = "[No Variations]"
Add component (AddParameter): Name = "System"; Value = "RLC"; VariantName = "[No Variations]"
Add component (AddParameter): Name = "Temperature characteristics"; Value = ""; VariantName = "[No Variations]"
Add component (AddParameter): Name = "Tolerance"; Value = ""; VariantName = "[No Variations]"
Add component (AddParameter): Name = "Value"; Value = "NA"; VariantName = "[No Variations]"
Add component (AddParameter): Name = "Voltage"; Value = ""; VariantName = "[No Variations]"
Added Component: Designator=C23(CAP_0603_UN1Q)
Add component (AddParameter): Name = "Alternative component"; Value = "Allowed"; VariantName = "[No Variations]"
Add component (AddParameter): Name = "ClassName"; Value = ""; VariantName = "[No Variations]"
Add component (AddParameter): Name = "Component Type"; Value = "Capacitor"; VariantName = "[No Variations]"
Add component (AddParameter): Name = "ComponentLink1Description"; Value = "1_Datasheet"; VariantName = "[No Variations]"
Add component (AddParameter): Name = "ComponentLink1URL"; Value = ""; VariantName = "[No Variations]"
Add component (AddParameter): Name = "ComponentLink2Description"; Value = "2_Product page"; VariantName = "[No Variations]"
Add component (AddParameter): Name = "ComponentLink2URL"; Value = ""; VariantName = "[No Variations]"
Add component (AddParameter): Name = "ComponentLink3Description"; Value = "3_X-information"; VariantName = "[No Variations]"
Add component (AddParameter): Name = "ComponentLink3URL"; Value = ""; VariantName = "[No Variations]"
Add component (AddParameter): Name = "ComponentLink4Description"; Value = "4_X-information"; VariantName = "[No Variations]"
Add component (AddParameter): Name = "ComponentLink4URL"; Value = ""; VariantName = "[No Variations]"
Add component (AddParameter): Name = "ComponentLink5Description"; Value = ""; VariantName = "[No Variations]"
Add component (AddParameter): Name = "ComponentLink5URL"; Value = ""; VariantName = "[No Variations]"
Add component (AddParameter): Name = "Creation date"; Value = "20210927"; VariantName = "[No Variations]"
Add component (AddParameter): Name = "Dimensions WxLxH"; Value = ""; VariantName = "[No Variations]"
Add component (AddParameter): Name = "ECCN"; Value = "EAR99"; VariantName = "[No Variations]"
Add component (AddParameter): Name = "HasBeenBuilt"; Value = "TBD"; VariantName = "[No Variations]"
Add component (AddParameter): Name = "Manufacturer"; Value = "Murata"; VariantName = "[No Variations]"
Add component (AddParameter): Name = "Manufacturer Part Number"; Value = "GCM188R71H102KA37J"; VariantName = "[No Variations]"
Add component (AddParameter): Name = "Operating temperature range"; Value = "-55 ... +125°C"; VariantName = "[No Variations]"
Add component (AddParameter): Name = "Package"; Value = "0603"; VariantName = "[No Variations]"
Add component (AddParameter): Name = "Part Number"; Value = "GCM188R71H102KA37J"; VariantName = "[No Variations]"
Add component (AddParameter): Name = "Remark"; Value = ""; VariantName = "[No Variations]"
Add component (AddParameter): Name = "RoHS"; Value = "RoHS3"; VariantName = "[No Variations]"
Add component (AddParameter): Name = "Sort order"; Value = "306"; VariantName = "[No Variations]"
Add component (AddParameter): Name = "Source"; Value = "RLC_UN1Q.SchLib"; VariantName = "[No Variations]"
Add component (AddParameter): Name = "System"; Value = "RLC"; VariantName = "[No Variations]"
Add component (AddParameter): Name = "Temperature characteristics"; Value = "X7R"; VariantName = "[No Variations]"
Add component (AddParameter): Name = "Tolerance"; Value = "+/-10%"; VariantName = "[No Variations]"
Add component (AddParameter): Name = "Value"; Value = "100p"; VariantName = "[No Variations]"
Add component (AddParameter): Name = "Voltage"; Value = "50V"; VariantName = "[No Variations]"
Added Component: Designator=C24(CAP_0603_UN1Q)
Add component (AddParameter): Name = "Alternative component"; Value = "Allowed"; VariantName = "[No Variations]"
Add component (AddParameter): Name = "ClassName"; Value = ""; VariantName = "[No Variations]"
Add component (AddParameter): Name = "Component Type"; Value = "Capacitor"; VariantName = "[No Variations]"
Add component (AddParameter): Name = "ComponentLink1Description"; Value = "1_Datasheet"; VariantName = "[No Variations]"
Add component (AddParameter): Name = "ComponentLink1URL"; Value = ""; VariantName = "[No Variations]"
Add component (AddParameter): Name = "ComponentLink2Description"; Value = "2_Product page"; VariantName = "[No Variations]"
Add component (AddParameter): Name = "ComponentLink2URL"; Value = ""; VariantName = "[No Variations]"
Add component (AddParameter): Name = "ComponentLink3Description"; Value = "3_X-information"; VariantName = "[No Variations]"
Add component (AddParameter): Name = "ComponentLink3URL"; Value = ""; VariantName = "[No Variations]"
Add component (AddParameter): Name = "ComponentLink4Description"; Value = "4_X-information"; VariantName = "[No Variations]"
Add component (AddParameter): Name = "ComponentLink4URL"; Value = ""; VariantName = "[No Variations]"
Add component (AddParameter): Name = "ComponentLink5Description"; Value = ""; VariantName = "[No Variations]"
Add component (AddParameter): Name = "ComponentLink5URL"; Value = ""; VariantName = "[No Variations]"
Add component (AddParameter): Name = "Creation date"; Value = "20210927"; VariantName = "[No Variations]"
Add component (AddParameter): Name = "Dimensions WxLxH"; Value = ""; VariantName = "[No Variations]"
Add component (AddParameter): Name = "ECCN"; Value = "EAR99"; VariantName = "[No Variations]"
Add component (AddParameter): Name = "HasBeenBuilt"; Value = "TBD"; VariantName = "[No Variations]"
Add component (AddParameter): Name = "Manufacturer"; Value = "Murata"; VariantName = "[No Variations]"
Add component (AddParameter): Name = "Manufacturer Part Number"; Value = "GCM188R71H102KA37J"; VariantName = "[No Variations]"
Add component (AddParameter): Name = "Operating temperature range"; Value = "-55 ... +125°C"; VariantName = "[No Variations]"
Add component (AddParameter): Name = "Package"; Value = "0603"; VariantName = "[No Variations]"
Add component (AddParameter): Name = "Part Number"; Value = "GCM188R71H102KA37J"; VariantName = "[No Variations]"
Add component (AddParameter): Name = "Remark"; Value = ""; VariantName = "[No Variations]"
Add component (AddParameter): Name = "RoHS"; Value = "RoHS3"; VariantName = "[No Variations]"
Add component (AddParameter): Name = "Sort order"; Value = "306"; VariantName = "[No Variations]"
Add component (AddParameter): Name = "Source"; Value = "RLC_UN1Q.SchLib"; VariantName = "[No Variations]"
Add component (AddParameter): Name = "System"; Value = "RLC"; VariantName = "[No Variations]"
Add component (AddParameter): Name = "Temperature characteristics"; Value = "X7R"; VariantName = "[No Variations]"
Add component (AddParameter): Name = "Tolerance"; Value = "+/-10%"; VariantName = "[No Variations]"
Add component (AddParameter): Name = "Value"; Value = "100p"; VariantName = "[No Variations]"
Add component (AddParameter): Name = "Voltage"; Value = "50V"; VariantName = "[No Variations]"
Add component: Footprint Not Found FIL_SRFLF-3E3DF-ISB7
Add component: Footprint Not Found FIL_SRFLF-3E3DF-ISB7
Added Component: Designator=J1(TP_1mm_UN1Q)
Add component (AddParameter): Name = "Alternative component"; Value = ""; VariantName = "[No Variations]"
Add component (AddParameter): Name = "ClassName"; Value = "SMALL"; VariantName = "[No Variations]"
Add component (AddParameter): Name = "Component Type"; Value = "Test Point"; VariantName = "[No Variations]"
Add component (AddParameter): Name = "ComponentLink1Description"; Value = "1_Datasheet"; VariantName = "[No Variations]"
Add component (AddParameter): Name = "ComponentLink1URL"; Value = ""; VariantName = "[No Variations]"
Add component (AddParameter): Name = "ComponentLink2Description"; Value = "2_Product page"; VariantName = "[No Variations]"
Add component (AddParameter): Name = "ComponentLink2URL"; Value = ""; VariantName = "[No Variations]"
Add component (AddParameter): Name = "ComponentLink3Description"; Value = "3_X-information"; VariantName = "[No Variations]"
Add component (AddParameter): Name = "ComponentLink3URL"; Value = ""; VariantName = "[No Variations]"
Add component (AddParameter): Name = "ComponentLink4Description"; Value = "4_X-information"; VariantName = "[No Variations]"
Add component (AddParameter): Name = "ComponentLink4URL"; Value = ""; VariantName = "[No Variations]"
Add component (AddParameter): Name = "Creation date"; Value = "20200101"; VariantName = "[No Variations]"
Add component (AddParameter): Name = "Design Item ID"; Value = "TP_1mm"; VariantName = "[No Variations]"
Add component (AddParameter): Name = "Dimensions WxLxH"; Value = ""; VariantName = "[No Variations]"
Add component (AddParameter): Name = "HasBeenBuilt"; Value = "-"; VariantName = "[No Variations]"
Add component (AddParameter): Name = "Manufacturer"; Value = ""; VariantName = "[No Variations]"
Add component (AddParameter): Name = "Operating temperature range"; Value = ""; VariantName = "[No Variations]"
Add component (AddParameter): Name = "Package"; Value = ""; VariantName = "[No Variations]"
Add component (AddParameter): Name = "Part Number"; Value = "TP 1mm"; VariantName = "[No Variations]"
Add component (AddParameter): Name = "Remark"; Value = ""; VariantName = "[No Variations]"
Add component (AddParameter): Name = "Sort order"; Value = "-"; VariantName = "[No Variations]"
Add component (AddParameter): Name = "Source"; Value = "Conn_UN1Q.SchLib"; VariantName = "[No Variations]"
Add component (AddParameter): Name = "System"; Value = "Test Point"; VariantName = "[No Variations]"
Added Component: Designator=J2(TP_1mm_UN1Q)
Add component (AddParameter): Name = "Alternative component"; Value = ""; VariantName = "[No Variations]"
Add component (AddParameter): Name = "ClassName"; Value = "SMALL"; VariantName = "[No Variations]"
Add component (AddParameter): Name = "Component Type"; Value = "Test Point"; VariantName = "[No Variations]"
Add component (AddParameter): Name = "ComponentLink1Description"; Value = "1_Datasheet"; VariantName = "[No Variations]"
Add component (AddParameter): Name = "ComponentLink1URL"; Value = ""; VariantName = "[No Variations]"
Add component (AddParameter): Name = "ComponentLink2Description"; Value = "2_Product page"; VariantName = "[No Variations]"
Add component (AddParameter): Name = "ComponentLink2URL"; Value = ""; VariantName = "[No Variations]"
Add component (AddParameter): Name = "ComponentLink3Description"; Value = "3_X-information"; VariantName = "[No Variations]"
Add component (AddParameter): Name = "ComponentLink3URL"; Value = ""; VariantName = "[No Variations]"
Add component (AddParameter): Name = "ComponentLink4Description"; Value = "4_X-information"; VariantName = "[No Variations]"
Add component (AddParameter): Name = "ComponentLink4URL"; Value = ""; VariantName = "[No Variations]"
Add component (AddParameter): Name = "Creation date"; Value = "20200101"; VariantName = "[No Variations]"
Add component (AddParameter): Name = "Design Item ID"; Value = "TP_1mm"; VariantName = "[No Variations]"
Add component (AddParameter): Name = "Dimensions WxLxH"; Value = ""; VariantName = "[No Variations]"
Add component (AddParameter): Name = "HasBeenBuilt"; Value = "-"; VariantName = "[No Variations]"
Add component (AddParameter): Name = "Manufacturer"; Value = ""; VariantName = "[No Variations]"
Add component (AddParameter): Name = "Operating temperature range"; Value = ""; VariantName = "[No Variations]"
Add component (AddParameter): Name = "Package"; Value = ""; VariantName = "[No Variations]"
Add component (AddParameter): Name = "Part Number"; Value = "TP 1mm"; VariantName = "[No Variations]"
Add component (AddParameter): Name = "Remark"; Value = ""; VariantName = "[No Variations]"
Add component (AddParameter): Name = "Sort order"; Value = "-"; VariantName = "[No Variations]"
Add component (AddParameter): Name = "Source"; Value = "Conn_UN1Q.SchLib"; VariantName = "[No Variations]"
Add component (AddParameter): Name = "System"; Value = "Test Point"; VariantName = "[No Variations]"
Added Component: Designator=J6(TP_1mm_UN1Q)
Add component (AddParameter): Name = "Alternative component"; Value = ""; VariantName = "[No Variations]"
Add component (AddParameter): Name = "ClassName"; Value = "SMALL"; VariantName = "[No Variations]"
Add component (AddParameter): Name = "Component Type"; Value = "Test Point"; VariantName = "[No Variations]"
Add component (AddParameter): Name = "ComponentLink1Description"; Value = "1_Datasheet"; VariantName = "[No Variations]"
Add component (AddParameter): Name = "ComponentLink1URL"; Value = ""; VariantName = "[No Variations]"
Add component (AddParameter): Name = "ComponentLink2Description"; Value = "2_Product page"; VariantName = "[No Variations]"
Add component (AddParameter): Name = "ComponentLink2URL"; Value = ""; VariantName = "[No Variations]"
Add component (AddParameter): Name = "ComponentLink3Description"; Value = "3_X-information"; VariantName = "[No Variations]"
Add component (AddParameter): Name = "ComponentLink3URL"; Value = ""; VariantName = "[No Variations]"
Add component (AddParameter): Name = "ComponentLink4Description"; Value = "4_X-information"; VariantName = "[No Variations]"
Add component (AddParameter): Name = "ComponentLink4URL"; Value = ""; VariantName = "[No Variations]"
Add component (AddParameter): Name = "Creation date"; Value = "20200101"; VariantName = "[No Variations]"
Add component (AddParameter): Name = "Design Item ID"; Value = "TP_1mm"; VariantName = "[No Variations]"
Add component (AddParameter): Name = "Dimensions WxLxH"; Value = ""; VariantName = "[No Variations]"
Add component (AddParameter): Name = "HasBeenBuilt"; Value = "-"; VariantName = "[No Variations]"
Add component (AddParameter): Name = "Manufacturer"; Value = ""; VariantName = "[No Variations]"
Add component (AddParameter): Name = "Operating temperature range"; Value = ""; VariantName = "[No Variations]"
Add component (AddParameter): Name = "Package"; Value = ""; VariantName = "[No Variations]"
Add component (AddParameter): Name = "Part Number"; Value = "TP 1mm"; VariantName = "[No Variations]"
Add component (AddParameter): Name = "Remark"; Value = ""; VariantName = "[No Variations]"
Add component (AddParameter): Name = "Sort order"; Value = "-"; VariantName = "[No Variations]"
Add component (AddParameter): Name = "Source"; Value = "Conn_UN1Q.SchLib"; VariantName = "[No Variations]"
Add component (AddParameter): Name = "System"; Value = "Test Point"; VariantName = "[No Variations]"
Added Component: Designator=J7(TP_1mm_UN1Q)
Add component (AddParameter): Name = "Alternative component"; Value = ""; VariantName = "[No Variations]"
Add component (AddParameter): Name = "ClassName"; Value = "SMALL"; VariantName = "[No Variations]"
Add component (AddParameter): Name = "Component Type"; Value = "Test Point"; VariantName = "[No Variations]"
Add component (AddParameter): Name = "ComponentLink1Description"; Value = "1_Datasheet"; VariantName = "[No Variations]"
Add component (AddParameter): Name = "ComponentLink1URL"; Value = ""; VariantName = "[No Variations]"
Add component (AddParameter): Name = "ComponentLink2Description"; Value = "2_Product page"; VariantName = "[No Variations]"
Add component (AddParameter): Name = "ComponentLink2URL"; Value = ""; VariantName = "[No Variations]"
Add component (AddParameter): Name = "ComponentLink3Description"; Value = "3_X-information"; VariantName = "[No Variations]"
Add component (AddParameter): Name = "ComponentLink3URL"; Value = ""; VariantName = "[No Variations]"
Add component (AddParameter): Name = "ComponentLink4Description"; Value = "4_X-information"; VariantName = "[No Variations]"
Add component (AddParameter): Name = "ComponentLink4URL"; Value = ""; VariantName = "[No Variations]"
Add component (AddParameter): Name = "Creation date"; Value = "20200101"; VariantName = "[No Variations]"
Add component (AddParameter): Name = "Design Item ID"; Value = "TP_1mm"; VariantName = "[No Variations]"
Add component (AddParameter): Name = "Dimensions WxLxH"; Value = ""; VariantName = "[No Variations]"
Add component (AddParameter): Name = "HasBeenBuilt"; Value = "-"; VariantName = "[No Variations]"
Add component (AddParameter): Name = "Manufacturer"; Value = ""; VariantName = "[No Variations]"
Add component (AddParameter): Name = "Operating temperature range"; Value = ""; VariantName = "[No Variations]"
Add component (AddParameter): Name = "Package"; Value = ""; VariantName = "[No Variations]"
Add component (AddParameter): Name = "Part Number"; Value = "TP 1mm"; VariantName = "[No Variations]"
Add component (AddParameter): Name = "Remark"; Value = ""; VariantName = "[No Variations]"
Add component (AddParameter): Name = "Sort order"; Value = "-"; VariantName = "[No Variations]"
Add component (AddParameter): Name = "Source"; Value = "Conn_UN1Q.SchLib"; VariantName = "[No Variations]"
Add component (AddParameter): Name = "System"; Value = "Test Point"; VariantName = "[No Variations]"
Added Component: Designator=J8(TP_1mm_UN1Q)
Add component (AddParameter): Name = "Alternative component"; Value = ""; VariantName = "[No Variations]"
Add component (AddParameter): Name = "ClassName"; Value = "SMALL"; VariantName = "[No Variations]"
Add component (AddParameter): Name = "Component Type"; Value = "Test Point"; VariantName = "[No Variations]"
Add component (AddParameter): Name = "ComponentLink1Description"; Value = "1_Datasheet"; VariantName = "[No Variations]"
Add component (AddParameter): Name = "ComponentLink1URL"; Value = ""; VariantName = "[No Variations]"
Add component (AddParameter): Name = "ComponentLink2Description"; Value = "2_Product page"; VariantName = "[No Variations]"
Add component (AddParameter): Name = "ComponentLink2URL"; Value = ""; VariantName = "[No Variations]"
Add component (AddParameter): Name = "ComponentLink3Description"; Value = "3_X-information"; VariantName = "[No Variations]"
Add component (AddParameter): Name = "ComponentLink3URL"; Value = ""; VariantName = "[No Variations]"
Add component (AddParameter): Name = "ComponentLink4Description"; Value = "4_X-information"; VariantName = "[No Variations]"
Add component (AddParameter): Name = "ComponentLink4URL"; Value = ""; VariantName = "[No Variations]"
Add component (AddParameter): Name = "Creation date"; Value = "20200101"; VariantName = "[No Variations]"
Add component (AddParameter): Name = "Design Item ID"; Value = "TP_1mm"; VariantName = "[No Variations]"
Add component (AddParameter): Name = "Dimensions WxLxH"; Value = ""; VariantName = "[No Variations]"
Add component (AddParameter): Name = "HasBeenBuilt"; Value = "-"; VariantName = "[No Variations]"
Add component (AddParameter): Name = "Manufacturer"; Value = ""; VariantName = "[No Variations]"
Add component (AddParameter): Name = "Operating temperature range"; Value = ""; VariantName = "[No Variations]"
Add component (AddParameter): Name = "Package"; Value = ""; VariantName = "[No Variations]"
Add component (AddParameter): Name = "Part Number"; Value = "TP 1mm"; VariantName = "[No Variations]"
Add component (AddParameter): Name = "Remark"; Value = ""; VariantName = "[No Variations]"
Add component (AddParameter): Name = "Sort order"; Value = "-"; VariantName = "[No Variations]"
Add component (AddParameter): Name = "Source"; Value = "Conn_UN1Q.SchLib"; VariantName = "[No Variations]"
Add component (AddParameter): Name = "System"; Value = "Test Point"; VariantName = "[No Variations]"
Added Component: Designator=J9(TP_1mm_UN1Q)
Add component (AddParameter): Name = "Alternative component"; Value = ""; VariantName = "[No Variations]"
Add component (AddParameter): Name = "ClassName"; Value = "SMALL"; VariantName = "[No Variations]"
Add component (AddParameter): Name = "Component Type"; Value = "Test Point"; VariantName = "[No Variations]"
Add component (AddParameter): Name = "ComponentLink1Description"; Value = "1_Datasheet"; VariantName = "[No Variations]"
Add component (AddParameter): Name = "ComponentLink1URL"; Value = ""; VariantName = "[No Variations]"
Add component (AddParameter): Name = "ComponentLink2Description"; Value = "2_Product page"; VariantName = "[No Variations]"
Add component (AddParameter): Name = "ComponentLink2URL"; Value = ""; VariantName = "[No Variations]"
Add component (AddParameter): Name = "ComponentLink3Description"; Value = "3_X-information"; VariantName = "[No Variations]"
Add component (AddParameter): Name = "ComponentLink3URL"; Value = ""; VariantName = "[No Variations]"
Add component (AddParameter): Name = "ComponentLink4Description"; Value = "4_X-information"; VariantName = "[No Variations]"
Add component (AddParameter): Name = "ComponentLink4URL"; Value = ""; VariantName = "[No Variations]"
Add component (AddParameter): Name = "Creation date"; Value = "20200101"; VariantName = "[No Variations]"
Add component (AddParameter): Name = "Design Item ID"; Value = "TP_1mm"; VariantName = "[No Variations]"
Add component (AddParameter): Name = "Dimensions WxLxH"; Value = ""; VariantName = "[No Variations]"
Add component (AddParameter): Name = "HasBeenBuilt"; Value = "-"; VariantName = "[No Variations]"
Add component (AddParameter): Name = "Manufacturer"; Value = ""; VariantName = "[No Variations]"
Add component (AddParameter): Name = "Operating temperature range"; Value = ""; VariantName = "[No Variations]"
Add component (AddParameter): Name = "Package"; Value = ""; VariantName = "[No Variations]"
Add component (AddParameter): Name = "Part Number"; Value = "TP 1mm"; VariantName = "[No Variations]"
Add component (AddParameter): Name = "Remark"; Value = ""; VariantName = "[No Variations]"
Add component (AddParameter): Name = "Sort order"; Value = "-"; VariantName = "[No Variations]"
Add component (AddParameter): Name = "Source"; Value = "Conn_UN1Q.SchLib"; VariantName = "[No Variations]"
Add component (AddParameter): Name = "System"; Value = "Test Point"; VariantName = "[No Variations]"
Added Component: Designator=J10(TP_1mm_UN1Q)
Add component (AddParameter): Name = "Alternative component"; Value = ""; VariantName = "[No Variations]"
Add component (AddParameter): Name = "ClassName"; Value = "SMALL"; VariantName = "[No Variations]"
Add component (AddParameter): Name = "Component Type"; Value = "Test Point"; VariantName = "[No Variations]"
Add component (AddParameter): Name = "ComponentLink1Description"; Value = "1_Datasheet"; VariantName = "[No Variations]"
Add component (AddParameter): Name = "ComponentLink1URL"; Value = ""; VariantName = "[No Variations]"
Add component (AddParameter): Name = "ComponentLink2Description"; Value = "2_Product page"; VariantName = "[No Variations]"
Add component (AddParameter): Name = "ComponentLink2URL"; Value = ""; VariantName = "[No Variations]"
Add component (AddParameter): Name = "ComponentLink3Description"; Value = "3_X-information"; VariantName = "[No Variations]"
Add component (AddParameter): Name = "ComponentLink3URL"; Value = ""; VariantName = "[No Variations]"
Add component (AddParameter): Name = "ComponentLink4Description"; Value = "4_X-information"; VariantName = "[No Variations]"
Add component (AddParameter): Name = "ComponentLink4URL"; Value = ""; VariantName = "[No Variations]"
Add component (AddParameter): Name = "Creation date"; Value = "20200101"; VariantName = "[No Variations]"
Add component (AddParameter): Name = "Design Item ID"; Value = "TP_1mm"; VariantName = "[No Variations]"
Add component (AddParameter): Name = "Dimensions WxLxH"; Value = ""; VariantName = "[No Variations]"
Add component (AddParameter): Name = "HasBeenBuilt"; Value = "-"; VariantName = "[No Variations]"
Add component (AddParameter): Name = "Manufacturer"; Value = ""; VariantName = "[No Variations]"
Add component (AddParameter): Name = "Operating temperature range"; Value = ""; VariantName = "[No Variations]"
Add component (AddParameter): Name = "Package"; Value = ""; VariantName = "[No Variations]"
Add component (AddParameter): Name = "Part Number"; Value = "TP 1mm"; VariantName = "[No Variations]"
Add component (AddParameter): Name = "Remark"; Value = ""; VariantName = "[No Variations]"
Add component (AddParameter): Name = "Sort order"; Value = "-"; VariantName = "[No Variations]"
Add component (AddParameter): Name = "Source"; Value = "Conn_UN1Q.SchLib"; VariantName = "[No Variations]"
Add component (AddParameter): Name = "System"; Value = "Test Point"; VariantName = "[No Variations]"
Added Component: Designator=J11(TP_1mm_UN1Q)
Add component (AddParameter): Name = "Alternative component"; Value = ""; VariantName = "[No Variations]"
Add component (AddParameter): Name = "ClassName"; Value = "SMALL"; VariantName = "[No Variations]"
Add component (AddParameter): Name = "Component Type"; Value = "Test Point"; VariantName = "[No Variations]"
Add component (AddParameter): Name = "ComponentLink1Description"; Value = "1_Datasheet"; VariantName = "[No Variations]"
Add component (AddParameter): Name = "ComponentLink1URL"; Value = ""; VariantName = "[No Variations]"
Add component (AddParameter): Name = "ComponentLink2Description"; Value = "2_Product page"; VariantName = "[No Variations]"
Add component (AddParameter): Name = "ComponentLink2URL"; Value = ""; VariantName = "[No Variations]"
Add component (AddParameter): Name = "ComponentLink3Description"; Value = "3_X-information"; VariantName = "[No Variations]"
Add component (AddParameter): Name = "ComponentLink3URL"; Value = ""; VariantName = "[No Variations]"
Add component (AddParameter): Name = "ComponentLink4Description"; Value = "4_X-information"; VariantName = "[No Variations]"
Add component (AddParameter): Name = "ComponentLink4URL"; Value = ""; VariantName = "[No Variations]"
Add component (AddParameter): Name = "Creation date"; Value = "20200101"; VariantName = "[No Variations]"
Add component (AddParameter): Name = "Design Item ID"; Value = "TP_1mm"; VariantName = "[No Variations]"
Add component (AddParameter): Name = "Dimensions WxLxH"; Value = ""; VariantName = "[No Variations]"
Add component (AddParameter): Name = "HasBeenBuilt"; Value = "-"; VariantName = "[No Variations]"
Add component (AddParameter): Name = "Manufacturer"; Value = ""; VariantName = "[No Variations]"
Add component (AddParameter): Name = "Operating temperature range"; Value = ""; VariantName = "[No Variations]"
Add component (AddParameter): Name = "Package"; Value = ""; VariantName = "[No Variations]"
Add component (AddParameter): Name = "Part Number"; Value = "TP 1mm"; VariantName = "[No Variations]"
Add component (AddParameter): Name = "Remark"; Value = ""; VariantName = "[No Variations]"
Add component (AddParameter): Name = "Sort order"; Value = "-"; VariantName = "[No Variations]"
Add component (AddParameter): Name = "Source"; Value = "Conn_UN1Q.SchLib"; VariantName = "[No Variations]"
Add component (AddParameter): Name = "System"; Value = "Test Point"; VariantName = "[No Variations]"
Added Component: Designator=J13(TP_1mm_UN1Q)
Add component (AddParameter): Name = "Alternative component"; Value = ""; VariantName = "[No Variations]"
Add component (AddParameter): Name = "ClassName"; Value = "SMALL"; VariantName = "[No Variations]"
Add component (AddParameter): Name = "Component Type"; Value = "Test Point"; VariantName = "[No Variations]"
Add component (AddParameter): Name = "ComponentLink1Description"; Value = "1_Datasheet"; VariantName = "[No Variations]"
Add component (AddParameter): Name = "ComponentLink1URL"; Value = ""; VariantName = "[No Variations]"
Add component (AddParameter): Name = "ComponentLink2Description"; Value = "2_Product page"; VariantName = "[No Variations]"
Add component (AddParameter): Name = "ComponentLink2URL"; Value = ""; VariantName = "[No Variations]"
Add component (AddParameter): Name = "ComponentLink3Description"; Value = "3_X-information"; VariantName = "[No Variations]"
Add component (AddParameter): Name = "ComponentLink3URL"; Value = ""; VariantName = "[No Variations]"
Add component (AddParameter): Name = "ComponentLink4Description"; Value = "4_X-information"; VariantName = "[No Variations]"
Add component (AddParameter): Name = "ComponentLink4URL"; Value = ""; VariantName = "[No Variations]"
Add component (AddParameter): Name = "Creation date"; Value = "20200101"; VariantName = "[No Variations]"
Add component (AddParameter): Name = "Design Item ID"; Value = "TP_1mm"; VariantName = "[No Variations]"
Add component (AddParameter): Name = "Dimensions WxLxH"; Value = ""; VariantName = "[No Variations]"
Add component (AddParameter): Name = "HasBeenBuilt"; Value = "-"; VariantName = "[No Variations]"
Add component (AddParameter): Name = "Manufacturer"; Value = ""; VariantName = "[No Variations]"
Add component (AddParameter): Name = "Operating temperature range"; Value = ""; VariantName = "[No Variations]"
Add component (AddParameter): Name = "Package"; Value = ""; VariantName = "[No Variations]"
Add component (AddParameter): Name = "Part Number"; Value = "TP 1mm"; VariantName = "[No Variations]"
Add component (AddParameter): Name = "Remark"; Value = ""; VariantName = "[No Variations]"
Add component (AddParameter): Name = "Sort order"; Value = "-"; VariantName = "[No Variations]"
Add component (AddParameter): Name = "Source"; Value = "Conn_UN1Q.SchLib"; VariantName = "[No Variations]"
Add component (AddParameter): Name = "System"; Value = "Test Point"; VariantName = "[No Variations]"
Added Component: Designator=L3(IND_0603_Coilcraft_0603DC)
Add component (AddParameter): Name = "Alternative component"; Value = ""; VariantName = "[No Variations]"
Add component (AddParameter): Name = "ClassName"; Value = ""; VariantName = "[No Variations]"
Add component (AddParameter): Name = "Component Type"; Value = "Inductor"; VariantName = "[No Variations]"
Add component (AddParameter): Name = "ComponentLink1Description"; Value = "1_Datasheet"; VariantName = "[No Variations]"
Add component (AddParameter): Name = "ComponentLink1URL"; Value = "https://www.coilcraft.com/en-us/products/rf/ceramic-core-chip-inductors/0603-(1608)/0603dc/?skuId=30647"; VariantName = "[No Variations]"
Add component (AddParameter): Name = "ComponentLink2Description"; Value = "2_Product page"; VariantName = "[No Variations]"
Add component (AddParameter): Name = "ComponentLink2URL"; Value = ""; VariantName = "[No Variations]"
Add component (AddParameter): Name = "ComponentLink3Description"; Value = "3_X-information"; VariantName = "[No Variations]"
Add component (AddParameter): Name = "ComponentLink3URL"; Value = ""; VariantName = "[No Variations]"
Add component (AddParameter): Name = "ComponentLink4Description"; Value = "4_X-information"; VariantName = "[No Variations]"
Add component (AddParameter): Name = "ComponentLink4URL"; Value = ""; VariantName = "[No Variations]"
Add component (AddParameter): Name = "Creation date"; Value = "20250807"; VariantName = "[No Variations]"
Add component (AddParameter): Name = "Current"; Value = ""; VariantName = "[No Variations]"
Add component (AddParameter): Name = "Dimensions WxLxH"; Value = "1.7 x 0.99 x 0.89"; VariantName = "[No Variations]"
Add component (AddParameter): Name = "ECCN"; Value = "EAR99"; VariantName = "[No Variations]"
Add component (AddParameter): Name = "HasBeenBuilt"; Value = ""; VariantName = "[No Variations]"
Add component (AddParameter): Name = "Manufacturer"; Value = "Coilcraft"; VariantName = "[No Variations]"
Add component (AddParameter): Name = "Manufacturer Part Number"; Value = "0603DC-68NXJRW"; VariantName = "[No Variations]"
Add component (AddParameter): Name = "Operating temperature range"; Value = "-55? to 125?"; VariantName = "[No Variations]"
Add component (AddParameter): Name = "Package"; Value = "0603"; VariantName = "[No Variations]"
Add component (AddParameter): Name = "Part Number"; Value = "0603DC-68NXJRW"; VariantName = "[No Variations]"
Add component (AddParameter): Name = "Remark"; Value = ""; VariantName = "[No Variations]"
Add component (AddParameter): Name = "RoHS"; Value = "RoHS 3"; VariantName = "[No Variations]"
Add component (AddParameter): Name = "Sort order"; Value = "346"; VariantName = "[No Variations]"
Add component (AddParameter): Name = "Source"; Value = ""; VariantName = "[No Variations]"
Add component (AddParameter): Name = "System"; Value = "RLC"; VariantName = "[No Variations]"
Add component (AddParameter): Name = "Tolerance"; Value = "10%"; VariantName = "[No Variations]"
Add component (AddParameter): Name = "Value"; Value = "68 nH"; VariantName = "[No Variations]"
Add component: Footprint Not Found TA1735A_SM2016-4
Added Component: Designator=R1(RES_0603_UN1Q)
Add component (AddParameter): Name = "Alternative component"; Value = "Allowed"; VariantName = "[No Variations]"
Add component (AddParameter): Name = "ClassName"; Value = ""; VariantName = "[No Variations]"
Add component (AddParameter): Name = "Component Type"; Value = "Resistor"; VariantName = "[No Variations]"
Add component (AddParameter): Name = "ComponentLink1Description"; Value = "1_Datasheet"; VariantName = "[No Variations]"
Add component (AddParameter): Name = "ComponentLink1URL"; Value = ""; VariantName = "[No Variations]"
Add component (AddParameter): Name = "ComponentLink2Description"; Value = "2_Product page"; VariantName = "[No Variations]"
Add component (AddParameter): Name = "ComponentLink2URL"; Value = ""; VariantName = "[No Variations]"
Add component (AddParameter): Name = "ComponentLink3Description"; Value = "3_X-information"; VariantName = "[No Variations]"
Add component (AddParameter): Name = "ComponentLink3URL"; Value = ""; VariantName = "[No Variations]"
Add component (AddParameter): Name = "ComponentLink4Description"; Value = "4_X-information"; VariantName = "[No Variations]"
Add component (AddParameter): Name = "ComponentLink4URL"; Value = ""; VariantName = "[No Variations]"
Add component (AddParameter): Name = "Creation date"; Value = "20190101"; VariantName = "[No Variations]"
Add component (AddParameter): Name = "Dimensions WxLxH"; Value = ""; VariantName = "[No Variations]"
Add component (AddParameter): Name = "ECCN"; Value = ""; VariantName = "[No Variations]"
Add component (AddParameter): Name = "HasBeenBuilt"; Value = "TBD"; VariantName = "[No Variations]"
Add component (AddParameter): Name = "Manufacturer"; Value = "YAGEO"; VariantName = "[No Variations]"
Add component (AddParameter): Name = "Operating temperature range"; Value = ""; VariantName = "[No Variations]"
Add component (AddParameter): Name = "Package"; Value = "0603"; VariantName = "[No Variations]"
Add component (AddParameter): Name = "Part Number"; Value = "RC0603FR-070RL"; VariantName = "[No Variations]"
Add component (AddParameter): Name = "Power Rating"; Value = "1/10W"; VariantName = "[No Variations]"
Add component (AddParameter): Name = "Remark"; Value = ""; VariantName = "[No Variations]"
Add component (AddParameter): Name = "RoHS"; Value = ""; VariantName = "[No Variations]"
Add component (AddParameter): Name = "Sort order"; Value = "326"; VariantName = "[No Variations]"
Add component (AddParameter): Name = "Source"; Value = "RLC_UN1Q.SchLib"; VariantName = "[No Variations]"
Add component (AddParameter): Name = "System"; Value = "RLC"; VariantName = "[No Variations]"
Add component (AddParameter): Name = "Temperature characteristics"; Value = ""; VariantName = "[No Variations]"
Add component (AddParameter): Name = "Tolerance"; Value = "5%"; VariantName = "[No Variations]"
Add component (AddParameter): Name = "Value"; Value = "0R"; VariantName = "[No Variations]"
Add component (AddParameter): Name = "Voltage"; Value = ""; VariantName = "[No Variations]"
Added Component: Designator=R2(RES_0603_UN1Q)
Add component (AddParameter): Name = "Alternative component"; Value = "Allowed"; VariantName = "[No Variations]"
Add component (AddParameter): Name = "ClassName"; Value = ""; VariantName = "[No Variations]"
Add component (AddParameter): Name = "Component Type"; Value = "Resistor"; VariantName = "[No Variations]"
Add component (AddParameter): Name = "ComponentLink1Description"; Value = "1_Datasheet"; VariantName = "[No Variations]"
Add component (AddParameter): Name = "ComponentLink1URL"; Value = ""; VariantName = "[No Variations]"
Add component (AddParameter): Name = "ComponentLink2Description"; Value = "2_Product page"; VariantName = "[No Variations]"
Add component (AddParameter): Name = "ComponentLink2URL"; Value = ""; VariantName = "[No Variations]"
Add component (AddParameter): Name = "ComponentLink3Description"; Value = "3_X-information"; VariantName = "[No Variations]"
Add component (AddParameter): Name = "ComponentLink3URL"; Value = ""; VariantName = "[No Variations]"
Add component (AddParameter): Name = "ComponentLink4Description"; Value = "4_X-information"; VariantName = "[No Variations]"
Add component (AddParameter): Name = "ComponentLink4URL"; Value = ""; VariantName = "[No Variations]"
Add component (AddParameter): Name = "Creation date"; Value = "20190101"; VariantName = "[No Variations]"
Add component (AddParameter): Name = "Dimensions WxLxH"; Value = ""; VariantName = "[No Variations]"
Add component (AddParameter): Name = "ECCN"; Value = ""; VariantName = "[No Variations]"
Add component (AddParameter): Name = "HasBeenBuilt"; Value = "TBD"; VariantName = "[No Variations]"
Add component (AddParameter): Name = "Manufacturer"; Value = "YAGEO"; VariantName = "[No Variations]"
Add component (AddParameter): Name = "Operating temperature range"; Value = ""; VariantName = "[No Variations]"
Add component (AddParameter): Name = "Package"; Value = "0603"; VariantName = "[No Variations]"
Add component (AddParameter): Name = "Part Number"; Value = ""; VariantName = "[No Variations]"
Add component (AddParameter): Name = "Power Rating"; Value = "1/10W"; VariantName = "[No Variations]"
Add component (AddParameter): Name = "Remark"; Value = ""; VariantName = "[No Variations]"
Add component (AddParameter): Name = "RoHS"; Value = ""; VariantName = "[No Variations]"
Add component (AddParameter): Name = "Sort order"; Value = "326"; VariantName = "[No Variations]"
Add component (AddParameter): Name = "Source"; Value = "RLC_UN1Q.SchLib"; VariantName = "[No Variations]"
Add component (AddParameter): Name = "System"; Value = "RLC"; VariantName = "[No Variations]"
Add component (AddParameter): Name = "Temperature characteristics"; Value = ""; VariantName = "[No Variations]"
Add component (AddParameter): Name = "Tolerance"; Value = "5%"; VariantName = "[No Variations]"
Add component (AddParameter): Name = "Value"; Value = "1k"; VariantName = "[No Variations]"
Add component (AddParameter): Name = "Voltage"; Value = ""; VariantName = "[No Variations]"
Added Component: Designator=R3(RES_0603_UN1Q)
Add component (AddParameter): Name = "Alternative component"; Value = "Allowed"; VariantName = "[No Variations]"
Add component (AddParameter): Name = "ClassName"; Value = ""; VariantName = "[No Variations]"
Add component (AddParameter): Name = "Component Type"; Value = "Resistor"; VariantName = "[No Variations]"
Add component (AddParameter): Name = "ComponentLink1Description"; Value = "1_Datasheet"; VariantName = "[No Variations]"
Add component (AddParameter): Name = "ComponentLink1URL"; Value = ""; VariantName = "[No Variations]"
Add component (AddParameter): Name = "ComponentLink2Description"; Value = "2_Product page"; VariantName = "[No Variations]"
Add component (AddParameter): Name = "ComponentLink2URL"; Value = ""; VariantName = "[No Variations]"
Add component (AddParameter): Name = "ComponentLink3Description"; Value = "3_X-information"; VariantName = "[No Variations]"
Add component (AddParameter): Name = "ComponentLink3URL"; Value = ""; VariantName = "[No Variations]"
Add component (AddParameter): Name = "ComponentLink4Description"; Value = "4_X-information"; VariantName = "[No Variations]"
Add component (AddParameter): Name = "ComponentLink4URL"; Value = ""; VariantName = "[No Variations]"
Add component (AddParameter): Name = "Creation date"; Value = "20190101"; VariantName = "[No Variations]"
Add component (AddParameter): Name = "Dimensions WxLxH"; Value = ""; VariantName = "[No Variations]"
Add component (AddParameter): Name = "ECCN"; Value = ""; VariantName = "[No Variations]"
Add component (AddParameter): Name = "HasBeenBuilt"; Value = "TBD"; VariantName = "[No Variations]"
Add component (AddParameter): Name = "Manufacturer"; Value = "YAGEO"; VariantName = "[No Variations]"
Add component (AddParameter): Name = "Operating temperature range"; Value = ""; VariantName = "[No Variations]"
Add component (AddParameter): Name = "Package"; Value = "0603"; VariantName = "[No Variations]"
Add component (AddParameter): Name = "Part Number"; Value = ""; VariantName = "[No Variations]"
Add component (AddParameter): Name = "Power Rating"; Value = "1/10W"; VariantName = "[No Variations]"
Add component (AddParameter): Name = "Remark"; Value = ""; VariantName = "[No Variations]"
Add component (AddParameter): Name = "RoHS"; Value = ""; VariantName = "[No Variations]"
Add component (AddParameter): Name = "Sort order"; Value = "326"; VariantName = "[No Variations]"
Add component (AddParameter): Name = "Source"; Value = "RLC_UN1Q.SchLib"; VariantName = "[No Variations]"
Add component (AddParameter): Name = "System"; Value = "RLC"; VariantName = "[No Variations]"
Add component (AddParameter): Name = "Temperature characteristics"; Value = ""; VariantName = "[No Variations]"
Add component (AddParameter): Name = "Tolerance"; Value = "5%"; VariantName = "[No Variations]"
Add component (AddParameter): Name = "Value"; Value = "1k"; VariantName = "[No Variations]"
Add component (AddParameter): Name = "Voltage"; Value = ""; VariantName = "[No Variations]"
Added Component: Designator=R4(RES_0603_UN1Q)
Add component (AddParameter): Name = "Alternative component"; Value = "Allowed"; VariantName = "[No Variations]"
Add component (AddParameter): Name = "ClassName"; Value = ""; VariantName = "[No Variations]"
Add component (AddParameter): Name = "Component Type"; Value = "Resistor"; VariantName = "[No Variations]"
Add component (AddParameter): Name = "ComponentLink1Description"; Value = "1_Datasheet"; VariantName = "[No Variations]"
Add component (AddParameter): Name = "ComponentLink1URL"; Value = ""; VariantName = "[No Variations]"
Add component (AddParameter): Name = "ComponentLink2Description"; Value = "2_Product page"; VariantName = "[No Variations]"
Add component (AddParameter): Name = "ComponentLink2URL"; Value = ""; VariantName = "[No Variations]"
Add component (AddParameter): Name = "ComponentLink3Description"; Value = "3_X-information"; VariantName = "[No Variations]"
Add component (AddParameter): Name = "ComponentLink3URL"; Value = ""; VariantName = "[No Variations]"
Add component (AddParameter): Name = "ComponentLink4Description"; Value = "4_X-information"; VariantName = "[No Variations]"
Add component (AddParameter): Name = "ComponentLink4URL"; Value = ""; VariantName = "[No Variations]"
Add component (AddParameter): Name = "Creation date"; Value = "20190101"; VariantName = "[No Variations]"
Add component (AddParameter): Name = "Dimensions WxLxH"; Value = ""; VariantName = "[No Variations]"
Add component (AddParameter): Name = "ECCN"; Value = ""; VariantName = "[No Variations]"
Add component (AddParameter): Name = "HasBeenBuilt"; Value = "TBD"; VariantName = "[No Variations]"
Add component (AddParameter): Name = "Manufacturer"; Value = "YAGEO"; VariantName = "[No Variations]"
Add component (AddParameter): Name = "Operating temperature range"; Value = ""; VariantName = "[No Variations]"
Add component (AddParameter): Name = "Package"; Value = "0603"; VariantName = "[No Variations]"
Add component (AddParameter): Name = "Part Number"; Value = ""; VariantName = "[No Variations]"
Add component (AddParameter): Name = "Power Rating"; Value = "1/10W"; VariantName = "[No Variations]"
Add component (AddParameter): Name = "Remark"; Value = ""; VariantName = "[No Variations]"
Add component (AddParameter): Name = "RoHS"; Value = ""; VariantName = "[No Variations]"
Add component (AddParameter): Name = "Sort order"; Value = "326"; VariantName = "[No Variations]"
Add component (AddParameter): Name = "Source"; Value = "RLC_UN1Q.SchLib"; VariantName = "[No Variations]"
Add component (AddParameter): Name = "System"; Value = "RLC"; VariantName = "[No Variations]"
Add component (AddParameter): Name = "Temperature characteristics"; Value = ""; VariantName = "[No Variations]"
Add component (AddParameter): Name = "Tolerance"; Value = "5%"; VariantName = "[No Variations]"
Add component (AddParameter): Name = "Value"; Value = "1k"; VariantName = "[No Variations]"
Add component (AddParameter): Name = "Voltage"; Value = ""; VariantName = "[No Variations]"
Added Component: Designator=R5(RES_0603_UN1Q)
Add component (AddParameter): Name = "Alternative component"; Value = "Allowed"; VariantName = "[No Variations]"
Add component (AddParameter): Name = "ClassName"; Value = ""; VariantName = "[No Variations]"
Add component (AddParameter): Name = "Component Type"; Value = "Resistor"; VariantName = "[No Variations]"
Add component (AddParameter): Name = "ComponentLink1Description"; Value = "1_Datasheet"; VariantName = "[No Variations]"
Add component (AddParameter): Name = "ComponentLink1URL"; Value = ""; VariantName = "[No Variations]"
Add component (AddParameter): Name = "ComponentLink2Description"; Value = "2_Product page"; VariantName = "[No Variations]"
Add component (AddParameter): Name = "ComponentLink2URL"; Value = ""; VariantName = "[No Variations]"
Add component (AddParameter): Name = "ComponentLink3Description"; Value = "3_X-information"; VariantName = "[No Variations]"
Add component (AddParameter): Name = "ComponentLink3URL"; Value = ""; VariantName = "[No Variations]"
Add component (AddParameter): Name = "ComponentLink4Description"; Value = "4_X-information"; VariantName = "[No Variations]"
Add component (AddParameter): Name = "ComponentLink4URL"; Value = ""; VariantName = "[No Variations]"
Add component (AddParameter): Name = "Creation date"; Value = "20190101"; VariantName = "[No Variations]"
Add component (AddParameter): Name = "Dimensions WxLxH"; Value = ""; VariantName = "[No Variations]"
Add component (AddParameter): Name = "ECCN"; Value = ""; VariantName = "[No Variations]"
Add component (AddParameter): Name = "HasBeenBuilt"; Value = "TBD"; VariantName = "[No Variations]"
Add component (AddParameter): Name = "Manufacturer"; Value = "YAGEO"; VariantName = "[No Variations]"
Add component (AddParameter): Name = "Operating temperature range"; Value = ""; VariantName = "[No Variations]"
Add component (AddParameter): Name = "Package"; Value = "0603"; VariantName = "[No Variations]"
Add component (AddParameter): Name = "Part Number"; Value = ""; VariantName = "[No Variations]"
Add component (AddParameter): Name = "Power Rating"; Value = "1/10W"; VariantName = "[No Variations]"
Add component (AddParameter): Name = "Remark"; Value = ""; VariantName = "[No Variations]"
Add component (AddParameter): Name = "RoHS"; Value = ""; VariantName = "[No Variations]"
Add component (AddParameter): Name = "Sort order"; Value = "326"; VariantName = "[No Variations]"
Add component (AddParameter): Name = "Source"; Value = "RLC_UN1Q.SchLib"; VariantName = "[No Variations]"
Add component (AddParameter): Name = "System"; Value = "RLC"; VariantName = "[No Variations]"
Add component (AddParameter): Name = "Temperature characteristics"; Value = ""; VariantName = "[No Variations]"
Add component (AddParameter): Name = "Tolerance"; Value = "5%"; VariantName = "[No Variations]"
Add component (AddParameter): Name = "Value"; Value = "1k"; VariantName = "[No Variations]"
Add component (AddParameter): Name = "Voltage"; Value = ""; VariantName = "[No Variations]"
Added Component: Designator=R6(RES_0805_UN1Q)
Add component (AddParameter): Name = "Alternative component"; Value = ""; VariantName = "[No Variations]"
Add component (AddParameter): Name = "ClassName"; Value = ""; VariantName = "[No Variations]"
Add component (AddParameter): Name = "Component Type"; Value = "Resistor"; VariantName = "[No Variations]"
Add component (AddParameter): Name = "ComponentLink1Description"; Value = "1_Datasheet"; VariantName = "[No Variations]"
Add component (AddParameter): Name = "ComponentLink1URL"; Value = "https://www.susumu.co.jp/common/pdf/n_catalog_partition09_en.pdf"; VariantName = "[No Variations]"
Add component (AddParameter): Name = "ComponentLink2Description"; Value = "2_Product page"; VariantName = "[No Variations]"
Add component (AddParameter): Name = "ComponentLink2URL"; Value = ""; VariantName = "[No Variations]"
Add component (AddParameter): Name = "ComponentLink3Description"; Value = "3_X-information"; VariantName = "[No Variations]"
Add component (AddParameter): Name = "ComponentLink3URL"; Value = ""; VariantName = "[No Variations]"
Add component (AddParameter): Name = "ComponentLink4Description"; Value = "4_X-information"; VariantName = "[No Variations]"
Add component (AddParameter): Name = "ComponentLink4URL"; Value = ""; VariantName = "[No Variations]"
Add component (AddParameter): Name = "Creation date"; Value = "20210928"; VariantName = "[No Variations]"
Add component (AddParameter): Name = "Dimensions WxLxH"; Value = ""; VariantName = "[No Variations]"
Add component (AddParameter): Name = "ECCN"; Value = ""; VariantName = "[No Variations]"
Add component (AddParameter): Name = "HasBeenBuilt"; Value = "False"; VariantName = "[No Variations]"
Add component (AddParameter): Name = "Manufacturer"; Value = "Susumu"; VariantName = "[No Variations]"
Add component (AddParameter): Name = "Manufacturer Part Number"; Value = "KRL1220E-M-R010-F"; VariantName = "[No Variations]"
Add component (AddParameter): Name = "Operating temperature range"; Value = "-55C ... +155C"; VariantName = "[No Variations]"
Add component (AddParameter): Name = "Package"; Value = "0805"; VariantName = "[No Variations]"
Add component (AddParameter): Name = "Part Number"; Value = ""; VariantName = "[No Variations]"
Add component (AddParameter): Name = "Power Rating"; Value = "1/2W"; VariantName = "[No Variations]"
Add component (AddParameter): Name = "Remark"; Value = ""; VariantName = "[No Variations]"
Add component (AddParameter): Name = "RoHS"; Value = ""; VariantName = "[No Variations]"
Add component (AddParameter): Name = "Rule"; Value = ""; VariantName = "[No Variations]"
Add component (AddParameter): Name = "Sort order"; Value = "328"; VariantName = "[No Variations]"
Add component (AddParameter): Name = "Source"; Value = "RLC_UN1Q.SchLib"; VariantName = "[No Variations]"
Add component (AddParameter): Name = "System"; Value = "RLC"; VariantName = "[No Variations]"
Add component (AddParameter): Name = "Temperature characteristics"; Value = ""; VariantName = "[No Variations]"
Add component (AddParameter): Name = "Tolerance"; Value = "1%"; VariantName = "[No Variations]"
Add component (AddParameter): Name = "Value"; Value = "0R"; VariantName = "[No Variations]"
Add component (AddParameter): Name = "Voltage"; Value = ""; VariantName = "[No Variations]"
Added Component: Designator=S3(SW_219-4MST)
Add component (AddParameter): Name = "Check_prices"; Value = "https://www.snapeda.com/parts/219-4MST/CTS+Components/view-part/?ref=eda"; VariantName = "[No Variations]"
Add component (AddParameter): Name = "MF"; Value = "CTS Electronic Components"; VariantName = "[No Variations]"
Add component (AddParameter): Name = "MP"; Value = "219-4MST"; VariantName = "[No Variations]"
Add component (AddParameter): Name = "Package"; Value = "None"; VariantName = "[No Variations]"
Add component (AddParameter): Name = "SnapEDA_Link"; Value = "https://www.snapeda.com/parts/219-4MST/CTS+Components/view-part/?ref=snap"; VariantName = "[No Variations]"
Add component (AddParameter): Name = "Value"; Value = ""; VariantName = "[No Variations]"
Added Pin To Net: NetName=VDD_3V3 Pin=C5-1
Added Pin To Net: NetName=GND Pin=C5-2
Added Pin To Net: NetName=GND Pin=C6-1
Added Pin To Net: NetName=VDD_3V3 Pin=C6-2
Added Pin To Net: NetName=GND Pin=C7-1
Added Pin To Net: NetName=VDD_3V3 Pin=C7-2
Added Pin To Net: NetName=GND Pin=C8-1
Added Pin To Net: NetName=VDD_3V3 Pin=C8-2
Added Pin To Net: NetName=GND Pin=C9-1
Added Pin To Net: NetName=VDD_3V3 Pin=C10-1
Added Pin To Net: NetName=GND Pin=C10-2
Added Pin To Net: NetName=NetC11_1 Pin=C11-1
Added Pin To Net: NetName=NetC11_2 Pin=C11-2
Added Pin To Net: NetName=NetC12_1 Pin=C12-1
Added Pin To Net: NetName=NetC12_2 Pin=C12-2
Added Pin To Net: NetName=NetC13_1 Pin=C13-1
Added Pin To Net: NetName=GND Pin=C13-2
Added Pin To Net: NetName=NetC14_1 Pin=C14-1
Added Pin To Net: NetName=GND Pin=C14-2
Added Pin To Net: NetName=NetC15_1 Pin=C15-1
Added Pin To Net: NetName=GND Pin=C15-2
Added Pin To Net: NetName=NetC16_1 Pin=C16-1
Added Pin To Net: NetName=GND Pin=C16-2
Added Pin To Net: NetName=NetC17_1 Pin=C17-1
Added Pin To Net: NetName=NetC17_2 Pin=C17-2
Added Pin To Net: NetName=NetC18_1 Pin=C18-1
Added Pin To Net: NetName=NetC18_2 Pin=C18-2
Added Pin To Net: NetName=NetC19_1 Pin=C19-1
Added Pin To Net: NetName=NetC19_2 Pin=C19-2
Added Pin To Net: NetName=NetC20_1 Pin=C20-1
Added Pin To Net: NetName=NetC20_2 Pin=C20-2
Added Pin To Net: NetName=GND Pin=C21-1
Added Pin To Net: NetName=NetC20_2 Pin=C21-2
Added Pin To Net: NetName=GND Pin=C22-1
Added Pin To Net: NetName=NetC22_2 Pin=C22-2
Added Pin To Net: NetName=NetC23_1 Pin=C23-1
Added Pin To Net: NetName=NetC23_2 Pin=C23-2
Added Pin To Net: NetName=NetC24_1 Pin=C24-1
Added Pin To Net: NetName=NetC24_2 Pin=C24-2
Add Pin To Net: Unknown Pin: Pin FL3-1
Add Pin To Net: Unknown Pin: Pin FL3-2
Add Pin To Net: Unknown Pin: Pin FL3-3
Add Pin To Net: Unknown Pin: Pin FL4-1
Add Pin To Net: Unknown Pin: Pin FL4-2
Add Pin To Net: Unknown Pin: Pin FL4-3
Added Pin To Net: NetName=VDD_3V3 Pin=J1-1
Added Pin To Net: NetName=NetFL2_2 Pin=J2-1
Added Pin To Net: NetName=VDD_3V3 Pin=J6-1
Added Pin To Net: NetName=VDD_3V3 Pin=J7-1
Added Pin To Net: NetName=NetC14_1 Pin=J8-1
Added Pin To Net: NetName=NetC15_1 Pin=J9-1
Added Pin To Net: NetName=NetC13_1 Pin=J11-1
Added Pin To Net: NetName=NetC27_2 Pin=J13-1
Added Pin To Net: NetName=NetL3_1 Pin=L3-1
Added Pin To Net: NetName=NetC27_2 Pin=L3-2
Add Pin To Net: Unknown Pin: Pin N1-A
Add Pin To Net: Unknown Pin: Pin N1-B
Add Pin To Net: Unknown Pin: Pin N1-C
Add Pin To Net: Unknown Pin: Pin N1-D
Added Pin To Net: NetName=NetC22_2 Pin=R1-1
Added Pin To Net: NetName=NetC20_2 Pin=R1-2
Added Pin To Net: NetName=NetC13_1 Pin=R2-1
Added Pin To Net: NetName=VDD_3V3 Pin=R2-2
Added Pin To Net: NetName=NetC16_1 Pin=R3-1
Added Pin To Net: NetName=VDD_3V3 Pin=R3-2
Added Pin To Net: NetName=NetC14_1 Pin=R4-1
Added Pin To Net: NetName=VDD_3V3 Pin=R4-2
Added Pin To Net: NetName=NetC15_1 Pin=R5-1
Added Pin To Net: NetName=VDD_3V3 Pin=R5-2
Added Pin To Net: NetName=VDD_3V3 Pin=R6-1
Added Pin To Net: NetName=NetC27_2 Pin=R6-2
Added Pin To Net: NetName=NetC15_1 Pin=S3-1
Added Pin To Net: NetName=NetC16_1 Pin=S3-2
Added Pin To Net: NetName=NetC14_1 Pin=S3-3
Added Pin To Net: NetName=NetC13_1 Pin=S3-4
Added Pin To Net: NetName=GND Pin=S3-5
Added Pin To Net: NetName=GND Pin=S3-6
Added Pin To Net: NetName=GND Pin=S3-7
Added Pin To Net: NetName=GND Pin=S3-8
Added Member To Class: ClassName=FB Member=Component C5 CAP_0603_100p
Added Member To Class: ClassName=FB Member=Component C6 CAP_0603_1u_X7R
Added Member To Class: ClassName=FB Member=Component C7 CAP_0603_1u_X7R
Added Member To Class: ClassName=FB Member=Component C8 CAP_0603_1u_X7R
Added Member To Class: ClassName=FB Member=Component C9 CAP_0603_1u_X7R
Added Member To Class: ClassName=FB Member=Component C10 CAP_0603_100p
Added Member To Class: ClassName=FB Member=Component C11 CAP_0603_100p
Added Member To Class: ClassName=FB Member=Component C12 CAP_0603_100p
Added Member To Class: ClassName=FB Member=Component C13 CAP_0603_100p
Added Member To Class: ClassName=FB Member=Component C14 CAP_0603_100p
Added Member To Class: ClassName=FB Member=Component C15 CAP_0603_100p
Added Member To Class: ClassName=FB Member=Component C16 CAP_0603_100p
Added Member To Class: ClassName=FB Member=Component C17 CAP_0603_100p
Added Member To Class: ClassName=FB Member=Component C18 CAP_0603_100p
Added Member To Class: ClassName=FB Member=Component C19 CAP_0603_100p
Added Member To Class: ClassName=FB Member=Component C20 CAP_0603_100p
Added Member To Class: ClassName=FB Member=Component C21 CAP_0603_NA
Added Member To Class: ClassName=FB Member=Component C22 CAP_0603_NA
Added Member To Class: ClassName=FB Member=Component C23 CAP_0603_100p
Added Member To Class: ClassName=FB Member=Component C24 CAP_0603_100p
Add Class Member: Failed to add class member : Component FL3 SRFLF-3E3DF-ISB7
Add Class Member: Failed to add class member : Component FL4 SRFLF-3E3DF-ISB7
Added Member To Class: ClassName=RFOUT DaughterBoard Member=Component J1 Testpoint, Surface, 1.0mm
Added Member To Class: ClassName=RFOUT DaughterBoard Member=Component J2 Testpoint, Surface, 1.0mm
Added Member To Class: ClassName=FB Member=Component J6 Testpoint, Surface, 1.0mm
Added Member To Class: ClassName=FB Member=Component J7 Testpoint, Surface, 1.0mm
Added Member To Class: ClassName=FB Member=Component J8 Testpoint, Surface, 1.0mm
Added Member To Class: ClassName=FB Member=Component J9 Testpoint, Surface, 1.0mm
Added Member To Class: ClassName=FB Member=Component J10 Testpoint, Surface, 1.0mm
Added Member To Class: ClassName=FB Member=Component J11 Testpoint, Surface, 1.0mm
Added Member To Class: ClassName=LNA Member=Component J13 Testpoint, Surface, 1.0mm
Added Member To Class: ClassName=LNA Member=Component L3 IND_0603_68nH_Coilcraft_DC
Add Class Member: Failed to add class member : Component N1 TA1735A
Added Member To Class: ClassName=FB Member=Component R1 RES_0603_0R
Added Member To Class: ClassName=FB Member=Component R2 RES_0603_1k
Added Member To Class: ClassName=FB Member=Component R3 RES_0603_1k
Added Member To Class: ClassName=FB Member=Component R4 RES_0603_1k
Added Member To Class: ClassName=FB Member=Component R5 RES_0603_1k
Added Member To Class: ClassName=LNA Member=Component R6 RES_0805_0R0
Added Member To Class: ClassName=FB Member=Component S3 219-4MST
