Removed Member From Class: ClassName=Sheet1 Member=L?
Change Component Comment : Designator=C? Old Comment=CAP_0603_1n_100V_X7R New Comment=CAP_0603_NA
Change Component Comment : Designator=C? Old Comment=CAP_0603_2u2_25V_X7R New Comment=CAP_0603_100p
Change Component Comment : Designator=C? Old Comment=CAP_0603_10u_10V_X7R New Comment=CAP_0603_NA
Change Component Comment : Designator=C? Old Comment=CAP_0603_22u_6.3V_X6S New Comment=CAP_0603_100p
Change Component Comment : Designator=C? Old Comment=CAP_0603_NA New Comment=CAP_0603_100p
Change component parameters: Designator = "C?" ("C?"); Footprint = "CAP_0603_UN1Q"; UniqueID = "\XXIBWBVR" ("\XXIBWBVR")
Change component parameters (AddParameter): Name = "Alternative component"; Value = ""; VariantName = "[No Variations]"
Change component parameters (AddParameter): Name = "ClassName"; Value = ""; VariantName = "[No Variations]"
Change component parameters (AddParameter): Name = "Component Type"; Value = "Capacitor"; VariantName = "[No Variations]"
Change component parameters (AddParameter): Name = "ComponentLink1Description"; Value = "1_Datasheet"; VariantName = "[No Variations]"
Change component parameters (AddParameter): Name = "ComponentLink1URL"; Value = ""; VariantName = "[No Variations]"
Change component parameters (AddParameter): Name = "ComponentLink2Description"; Value = "2_Product page"; VariantName = "[No Variations]"
Change component parameters (AddParameter): Name = "ComponentLink2URL"; Value = ""; VariantName = "[No Variations]"
Change component parameters (AddParameter): Name = "ComponentLink3Description"; Value = "3_X-information"; VariantName = "[No Variations]"
Change component parameters (AddParameter): Name = "ComponentLink3URL"; Value = ""; VariantName = "[No Variations]"
Change component parameters (AddParameter): Name = "ComponentLink4Description"; Value = "4_X-information"; VariantName = "[No Variations]"
Change component parameters (AddParameter): Name = "ComponentLink4URL"; Value = ""; VariantName = "[No Variations]"
Change component parameters (AddParameter): Name = "ComponentLink5Description"; Value = ""; VariantName = "[No Variations]"
Change component parameters (AddParameter): Name = "ComponentLink5URL"; Value = ""; VariantName = "[No Variations]"
Change component parameters (AddParameter): Name = "Creation date"; Value = "20190101"; VariantName = "[No Variations]"
Change component parameters (AddParameter): Name = "Dimensions WxLxH"; Value = ""; VariantName = "[No Variations]"
Change component parameters (AddParameter): Name = "ECCN"; Value = ""; VariantName = "[No Variations]"
Change component parameters (AddParameter): Name = "HasBeenBuilt"; Value = "TBD"; VariantName = "[No Variations]"
Change component parameters (AddParameter): Name = "Manufacturer"; Value = ""; VariantName = "[No Variations]"
Change component parameters (AddParameter): Name = "Operating temperature range"; Value = ""; VariantName = "[No Variations]"
Change component parameters (AddParameter): Name = "Package"; Value = "0603"; VariantName = "[No Variations]"
Change component parameters (AddParameter): Name = "Part Number"; Value = ""; VariantName = "[No Variations]"
Change component parameters (AddParameter): Name = "Remark"; Value = ""; VariantName = "[No Variations]"
Change component parameters (AddParameter): Name = "RoHS"; Value = ""; VariantName = "[No Variations]"
Change component parameters (AddParameter): Name = "Sort order"; Value = "999"; VariantName = "[No Variations]"
Change component parameters (AddParameter): Name = "Source"; Value = "RLC_UN1Q.SchLib"; VariantName = "[No Variations]"
Change component parameters (AddParameter): Name = "System"; Value = "RLC"; VariantName = "[No Variations]"
Change component parameters (AddParameter): Name = "Temperature characteristics"; Value = ""; VariantName = "[No Variations]"
Change component parameters (AddParameter): Name = "Tolerance"; Value = ""; VariantName = "[No Variations]"
Change component parameters (AddParameter): Name = "Value"; Value = "NA"; VariantName = "[No Variations]"
Change component parameters (AddParameter): Name = "Voltage"; Value = ""; VariantName = "[No Variations]"
Change component parameters: Designator = "C?" ("C?"); Footprint = "CAP_0603_UN1Q"; UniqueID = "\STHUDXHA" ("\STHUDXHA")
Change component parameters (AddParameter): Name = "Alternative component"; Value = "Allowed"; VariantName = "[No Variations]"
Change component parameters (AddParameter): Name = "ClassName"; Value = ""; VariantName = "[No Variations]"
Change component parameters (AddParameter): Name = "Component Type"; Value = "Capacitor"; VariantName = "[No Variations]"
Change component parameters (AddParameter): Name = "ComponentLink1Description"; Value = "1_Datasheet"; VariantName = "[No Variations]"
Change component parameters (AddParameter): Name = "ComponentLink1URL"; Value = ""; VariantName = "[No Variations]"
Change component parameters (AddParameter): Name = "ComponentLink2Description"; Value = "2_Product page"; VariantName = "[No Variations]"
Change component parameters (AddParameter): Name = "ComponentLink2URL"; Value = ""; VariantName = "[No Variations]"
Change component parameters (AddParameter): Name = "ComponentLink3Description"; Value = "3_X-information"; VariantName = "[No Variations]"
Change component parameters (AddParameter): Name = "ComponentLink3URL"; Value = ""; VariantName = "[No Variations]"
Change component parameters (AddParameter): Name = "ComponentLink4Description"; Value = "4_X-information"; VariantName = "[No Variations]"
Change component parameters (AddParameter): Name = "ComponentLink4URL"; Value = ""; VariantName = "[No Variations]"
Change component parameters (AddParameter): Name = "ComponentLink5Description"; Value = ""; VariantName = "[No Variations]"
Change component parameters (AddParameter): Name = "ComponentLink5URL"; Value = ""; VariantName = "[No Variations]"
Change component parameters (AddParameter): Name = "Creation date"; Value = "20210927"; VariantName = "[No Variations]"
Change component parameters (AddParameter): Name = "Dimensions WxLxH"; Value = ""; VariantName = "[No Variations]"
Change component parameters (AddParameter): Name = "ECCN"; Value = "EAR99"; VariantName = "[No Variations]"
Change component parameters (AddParameter): Name = "HasBeenBuilt"; Value = "TBD"; VariantName = "[No Variations]"
Change component parameters (AddParameter): Name = "Manufacturer"; Value = "Murata"; VariantName = "[No Variations]"
Change component parameters (AddParameter): Name = "Manufacturer Part Number"; Value = "GCM188R71H102KA37J"; VariantName = "[No Variations]"
Change component parameters (AddParameter): Name = "Operating temperature range"; Value = "-55 ... +125°C"; VariantName = "[No Variations]"
Change component parameters (AddParameter): Name = "Package"; Value = "0603"; VariantName = "[No Variations]"
Change component parameters (AddParameter): Name = "Part Number"; Value = "GCM188R71H102KA37J"; VariantName = "[No Variations]"
Change component parameters (AddParameter): Name = "Remark"; Value = ""; VariantName = "[No Variations]"
Change component parameters (AddParameter): Name = "RoHS"; Value = "RoHS3"; VariantName = "[No Variations]"
Change component parameters (AddParameter): Name = "Sort order"; Value = "306"; VariantName = "[No Variations]"
Change component parameters (AddParameter): Name = "Source"; Value = "RLC_UN1Q.SchLib"; VariantName = "[No Variations]"
Change component parameters (AddParameter): Name = "System"; Value = "RLC"; VariantName = "[No Variations]"
Change component parameters (AddParameter): Name = "Temperature characteristics"; Value = "X7R"; VariantName = "[No Variations]"
Change component parameters (AddParameter): Name = "Tolerance"; Value = "+/-10%"; VariantName = "[No Variations]"
Change component parameters (AddParameter): Name = "Value"; Value = "100p"; VariantName = "[No Variations]"
Change component parameters (AddParameter): Name = "Voltage"; Value = "50V"; VariantName = "[No Variations]"
Change component parameters: Designator = "C?" ("C?"); Footprint = "CAP_0603_UN1Q"; UniqueID = "\GYHWMHIG" ("\GYHWMHIG")
Change component parameters (AddParameter): Name = "Alternative component"; Value = "Allowed"; VariantName = "[No Variations]"
Change component parameters (AddParameter): Name = "ClassName"; Value = ""; VariantName = "[No Variations]"
Change component parameters (AddParameter): Name = "Component Type"; Value = "Capacitor"; VariantName = "[No Variations]"
Change component parameters (AddParameter): Name = "ComponentLink1Description"; Value = "1_Datasheet"; VariantName = "[No Variations]"
Change component parameters (AddParameter): Name = "ComponentLink1URL"; Value = ""; VariantName = "[No Variations]"
Change component parameters (AddParameter): Name = "ComponentLink2Description"; Value = "2_Product page"; VariantName = "[No Variations]"
Change component parameters (AddParameter): Name = "ComponentLink2URL"; Value = ""; VariantName = "[No Variations]"
Change component parameters (AddParameter): Name = "ComponentLink3Description"; Value = "3_X-information"; VariantName = "[No Variations]"
Change component parameters (AddParameter): Name = "ComponentLink3URL"; Value = ""; VariantName = "[No Variations]"
Change component parameters (AddParameter): Name = "ComponentLink4Description"; Value = "4_X-information"; VariantName = "[No Variations]"
Change component parameters (AddParameter): Name = "ComponentLink4URL"; Value = ""; VariantName = "[No Variations]"
Change component parameters (AddParameter): Name = "ComponentLink5Description"; Value = ""; VariantName = "[No Variations]"
Change component parameters (AddParameter): Name = "ComponentLink5URL"; Value = ""; VariantName = "[No Variations]"
Change component parameters (AddParameter): Name = "Creation date"; Value = "20210927"; VariantName = "[No Variations]"
Change component parameters (AddParameter): Name = "Dimensions WxLxH"; Value = ""; VariantName = "[No Variations]"
Change component parameters (AddParameter): Name = "ECCN"; Value = "EAR99"; VariantName = "[No Variations]"
Change component parameters (AddParameter): Name = "HasBeenBuilt"; Value = "TBD"; VariantName = "[No Variations]"
Change component parameters (AddParameter): Name = "Manufacturer"; Value = "Murata"; VariantName = "[No Variations]"
Change component parameters (AddParameter): Name = "Manufacturer Part Number"; Value = "GCM188R71H102KA37J"; VariantName = "[No Variations]"
Change component parameters (AddParameter): Name = "Operating temperature range"; Value = "-55 ... +125°C"; VariantName = "[No Variations]"
Change component parameters (AddParameter): Name = "Package"; Value = "0603"; VariantName = "[No Variations]"
Change component parameters (AddParameter): Name = "Part Number"; Value = "GCM188R71H102KA37J"; VariantName = "[No Variations]"
Change component parameters (AddParameter): Name = "Remark"; Value = ""; VariantName = "[No Variations]"
Change component parameters (AddParameter): Name = "RoHS"; Value = "RoHS3"; VariantName = "[No Variations]"
Change component parameters (AddParameter): Name = "Sort order"; Value = "306"; VariantName = "[No Variations]"
Change component parameters (AddParameter): Name = "Source"; Value = "RLC_UN1Q.SchLib"; VariantName = "[No Variations]"
Change component parameters (AddParameter): Name = "System"; Value = "RLC"; VariantName = "[No Variations]"
Change component parameters (AddParameter): Name = "Temperature characteristics"; Value = "X7R"; VariantName = "[No Variations]"
Change component parameters (AddParameter): Name = "Tolerance"; Value = "+/-10%"; VariantName = "[No Variations]"
Change component parameters (AddParameter): Name = "Value"; Value = "100p"; VariantName = "[No Variations]"
Change component parameters (AddParameter): Name = "Voltage"; Value = "50V"; VariantName = "[No Variations]"
Change component parameters: Designator = "C?" ("C?"); Footprint = "CAP_0603_UN1Q"; UniqueID = "\BENAWQBM" ("\BENAWQBM")
Change component parameters (AddParameter): Name = "Alternative component"; Value = ""; VariantName = "[No Variations]"
Change component parameters (AddParameter): Name = "ClassName"; Value = ""; VariantName = "[No Variations]"
Change component parameters (AddParameter): Name = "Component Type"; Value = "Capacitor"; VariantName = "[No Variations]"
Change component parameters (AddParameter): Name = "ComponentLink1Description"; Value = "1_Datasheet"; VariantName = "[No Variations]"
Change component parameters (AddParameter): Name = "ComponentLink1URL"; Value = ""; VariantName = "[No Variations]"
Change component parameters (AddParameter): Name = "ComponentLink2Description"; Value = "2_Product page"; VariantName = "[No Variations]"
Change component parameters (AddParameter): Name = "ComponentLink2URL"; Value = ""; VariantName = "[No Variations]"
Change component parameters (AddParameter): Name = "ComponentLink3Description"; Value = "3_X-information"; VariantName = "[No Variations]"
Change component parameters (AddParameter): Name = "ComponentLink3URL"; Value = ""; VariantName = "[No Variations]"
Change component parameters (AddParameter): Name = "ComponentLink4Description"; Value = "4_X-information"; VariantName = "[No Variations]"
Change component parameters (AddParameter): Name = "ComponentLink4URL"; Value = ""; VariantName = "[No Variations]"
Change component parameters (AddParameter): Name = "ComponentLink5Description"; Value = ""; VariantName = "[No Variations]"
Change component parameters (AddParameter): Name = "ComponentLink5URL"; Value = ""; VariantName = "[No Variations]"
Change component parameters (AddParameter): Name = "Creation date"; Value = "20190101"; VariantName = "[No Variations]"
Change component parameters (AddParameter): Name = "Dimensions WxLxH"; Value = ""; VariantName = "[No Variations]"
Change component parameters (AddParameter): Name = "ECCN"; Value = ""; VariantName = "[No Variations]"
Change component parameters (AddParameter): Name = "HasBeenBuilt"; Value = "TBD"; VariantName = "[No Variations]"
Change component parameters (AddParameter): Name = "Manufacturer"; Value = ""; VariantName = "[No Variations]"
Change component parameters (AddParameter): Name = "Operating temperature range"; Value = ""; VariantName = "[No Variations]"
Change component parameters (AddParameter): Name = "Package"; Value = "0603"; VariantName = "[No Variations]"
Change component parameters (AddParameter): Name = "Part Number"; Value = ""; VariantName = "[No Variations]"
Change component parameters (AddParameter): Name = "Remark"; Value = ""; VariantName = "[No Variations]"
Change component parameters (AddParameter): Name = "RoHS"; Value = ""; VariantName = "[No Variations]"
Change component parameters (AddParameter): Name = "Sort order"; Value = "999"; VariantName = "[No Variations]"
Change component parameters (AddParameter): Name = "Source"; Value = "RLC_UN1Q.SchLib"; VariantName = "[No Variations]"
Change component parameters (AddParameter): Name = "System"; Value = "RLC"; VariantName = "[No Variations]"
Change component parameters (AddParameter): Name = "Temperature characteristics"; Value = ""; VariantName = "[No Variations]"
Change component parameters (AddParameter): Name = "Tolerance"; Value = ""; VariantName = "[No Variations]"
Change component parameters (AddParameter): Name = "Value"; Value = "NA"; VariantName = "[No Variations]"
Change component parameters (AddParameter): Name = "Voltage"; Value = ""; VariantName = "[No Variations]"
Change component parameters: Designator = "C?" ("C?"); Footprint = "CAP_0603_UN1Q"; UniqueID = "\YQYEEMKR" ("\YQYEEMKR")
Change component parameters (AddParameter): Name = "Alternative component"; Value = "Allowed"; VariantName = "[No Variations]"
Change component parameters (AddParameter): Name = "ClassName"; Value = ""; VariantName = "[No Variations]"
Change component parameters (AddParameter): Name = "Component Type"; Value = "Capacitor"; VariantName = "[No Variations]"
Change component parameters (AddParameter): Name = "ComponentLink1Description"; Value = "1_Datasheet"; VariantName = "[No Variations]"
Change component parameters (AddParameter): Name = "ComponentLink1URL"; Value = ""; VariantName = "[No Variations]"
Change component parameters (AddParameter): Name = "ComponentLink2Description"; Value = "2_Product page"; VariantName = "[No Variations]"
Change component parameters (AddParameter): Name = "ComponentLink2URL"; Value = ""; VariantName = "[No Variations]"
Change component parameters (AddParameter): Name = "ComponentLink3Description"; Value = "3_X-information"; VariantName = "[No Variations]"
Change component parameters (AddParameter): Name = "ComponentLink3URL"; Value = ""; VariantName = "[No Variations]"
Change component parameters (AddParameter): Name = "ComponentLink4Description"; Value = "4_X-information"; VariantName = "[No Variations]"
Change component parameters (AddParameter): Name = "ComponentLink4URL"; Value = ""; VariantName = "[No Variations]"
Change component parameters (AddParameter): Name = "ComponentLink5Description"; Value = ""; VariantName = "[No Variations]"
Change component parameters (AddParameter): Name = "ComponentLink5URL"; Value = ""; VariantName = "[No Variations]"
Change component parameters (AddParameter): Name = "Creation date"; Value = "20210927"; VariantName = "[No Variations]"
Change component parameters (AddParameter): Name = "Dimensions WxLxH"; Value = ""; VariantName = "[No Variations]"
Change component parameters (AddParameter): Name = "ECCN"; Value = "EAR99"; VariantName = "[No Variations]"
Change component parameters (AddParameter): Name = "HasBeenBuilt"; Value = "TBD"; VariantName = "[No Variations]"
Change component parameters (AddParameter): Name = "Manufacturer"; Value = "Murata"; VariantName = "[No Variations]"
Change component parameters (AddParameter): Name = "Manufacturer Part Number"; Value = "GCM188R71H102KA37J"; VariantName = "[No Variations]"
Change component parameters (AddParameter): Name = "Operating temperature range"; Value = "-55 ... +125°C"; VariantName = "[No Variations]"
Change component parameters (AddParameter): Name = "Package"; Value = "0603"; VariantName = "[No Variations]"
Change component parameters (AddParameter): Name = "Part Number"; Value = "GCM188R71H102KA37J"; VariantName = "[No Variations]"
Change component parameters (AddParameter): Name = "Remark"; Value = ""; VariantName = "[No Variations]"
Change component parameters (AddParameter): Name = "RoHS"; Value = "RoHS3"; VariantName = "[No Variations]"
Change component parameters (AddParameter): Name = "Sort order"; Value = "306"; VariantName = "[No Variations]"
Change component parameters (AddParameter): Name = "Source"; Value = "RLC_UN1Q.SchLib"; VariantName = "[No Variations]"
Change component parameters (AddParameter): Name = "System"; Value = "RLC"; VariantName = "[No Variations]"
Change component parameters (AddParameter): Name = "Temperature characteristics"; Value = "X7R"; VariantName = "[No Variations]"
Change component parameters (AddParameter): Name = "Tolerance"; Value = "+/-10%"; VariantName = "[No Variations]"
Change component parameters (AddParameter): Name = "Value"; Value = "100p"; VariantName = "[No Variations]"
Change component parameters (AddParameter): Name = "Voltage"; Value = "50V"; VariantName = "[No Variations]"
Added Component: Designator=C?(CAP_0603_UN1Q)
Add component (AddParameter): Name = "Alternative component"; Value = "Allowed"; VariantName = "[No Variations]"
Add component (AddParameter): Name = "ClassName"; Value = ""; VariantName = "[No Variations]"
Add component (AddParameter): Name = "Component Type"; Value = "Capacitor"; VariantName = "[No Variations]"
Add component (AddParameter): Name = "ComponentLink1Description"; Value = "1_Datasheet"; VariantName = "[No Variations]"
Add component (AddParameter): Name = "ComponentLink1URL"; Value = ""; VariantName = "[No Variations]"
Add component (AddParameter): Name = "ComponentLink2Description"; Value = "2_Product page"; VariantName = "[No Variations]"
Add component (AddParameter): Name = "ComponentLink2URL"; Value = ""; VariantName = "[No Variations]"
Add component (AddParameter): Name = "ComponentLink3Description"; Value = "3_X-information"; VariantName = "[No Variations]"
Add component (AddParameter): Name = "ComponentLink3URL"; Value = ""; VariantName = "[No Variations]"
Add component (AddParameter): Name = "ComponentLink4Description"; Value = "4_X-information"; VariantName = "[No Variations]"
Add component (AddParameter): Name = "ComponentLink4URL"; Value = ""; VariantName = "[No Variations]"
Add component (AddParameter): Name = "ComponentLink5Description"; Value = ""; VariantName = "[No Variations]"
Add component (AddParameter): Name = "ComponentLink5URL"; Value = ""; VariantName = "[No Variations]"
Add component (AddParameter): Name = "Creation date"; Value = "20210927"; VariantName = "[No Variations]"
Add component (AddParameter): Name = "Dimensions WxLxH"; Value = ""; VariantName = "[No Variations]"
Add component (AddParameter): Name = "ECCN"; Value = "EAR99"; VariantName = "[No Variations]"
Add component (AddParameter): Name = "HasBeenBuilt"; Value = "TBD"; VariantName = "[No Variations]"
Add component (AddParameter): Name = "Manufacturer"; Value = "Murata"; VariantName = "[No Variations]"
Add component (AddParameter): Name = "Manufacturer Part Number"; Value = "GCM188R71H102KA37J"; VariantName = "[No Variations]"
Add component (AddParameter): Name = "Operating temperature range"; Value = "-55 ... +125°C"; VariantName = "[No Variations]"
Add component (AddParameter): Name = "Package"; Value = "0603"; VariantName = "[No Variations]"
Add component (AddParameter): Name = "Part Number"; Value = "GCM188R71H102KA37J"; VariantName = "[No Variations]"
Add component (AddParameter): Name = "Remark"; Value = ""; VariantName = "[No Variations]"
Add component (AddParameter): Name = "RoHS"; Value = "RoHS3"; VariantName = "[No Variations]"
Add component (AddParameter): Name = "Sort order"; Value = "306"; VariantName = "[No Variations]"
Add component (AddParameter): Name = "Source"; Value = "RLC_UN1Q.SchLib"; VariantName = "[No Variations]"
Add component (AddParameter): Name = "System"; Value = "RLC"; VariantName = "[No Variations]"
Add component (AddParameter): Name = "Temperature characteristics"; Value = "X7R"; VariantName = "[No Variations]"
Add component (AddParameter): Name = "Tolerance"; Value = "+/-10%"; VariantName = "[No Variations]"
Add component (AddParameter): Name = "Value"; Value = "100p"; VariantName = "[No Variations]"
Add component (AddParameter): Name = "Voltage"; Value = "50V"; VariantName = "[No Variations]"
Added Component: Designator=C?(CAP_0603_UN1Q)
Add component (AddParameter): Name = "Alternative component"; Value = "Allowed"; VariantName = "[No Variations]"
Add component (AddParameter): Name = "ClassName"; Value = ""; VariantName = "[No Variations]"
Add component (AddParameter): Name = "Component Type"; Value = "Capacitor"; VariantName = "[No Variations]"
Add component (AddParameter): Name = "ComponentLink1Description"; Value = "1_Datasheet"; VariantName = "[No Variations]"
Add component (AddParameter): Name = "ComponentLink1URL"; Value = ""; VariantName = "[No Variations]"
Add component (AddParameter): Name = "ComponentLink2Description"; Value = "2_Product page"; VariantName = "[No Variations]"
Add component (AddParameter): Name = "ComponentLink2URL"; Value = ""; VariantName = "[No Variations]"
Add component (AddParameter): Name = "ComponentLink3Description"; Value = "3_X-information"; VariantName = "[No Variations]"
Add component (AddParameter): Name = "ComponentLink3URL"; Value = ""; VariantName = "[No Variations]"
Add component (AddParameter): Name = "ComponentLink4Description"; Value = "4_X-information"; VariantName = "[No Variations]"
Add component (AddParameter): Name = "ComponentLink4URL"; Value = ""; VariantName = "[No Variations]"
Add component (AddParameter): Name = "ComponentLink5Description"; Value = ""; VariantName = "[No Variations]"
Add component (AddParameter): Name = "ComponentLink5URL"; Value = ""; VariantName = "[No Variations]"
Add component (AddParameter): Name = "Creation date"; Value = "20210927"; VariantName = "[No Variations]"
Add component (AddParameter): Name = "Dimensions WxLxH"; Value = ""; VariantName = "[No Variations]"
Add component (AddParameter): Name = "ECCN"; Value = "EAR99"; VariantName = "[No Variations]"
Add component (AddParameter): Name = "HasBeenBuilt"; Value = "TBD"; VariantName = "[No Variations]"
Add component (AddParameter): Name = "Manufacturer"; Value = "Murata"; VariantName = "[No Variations]"
Add component (AddParameter): Name = "Manufacturer Part Number"; Value = "GCM188R71H102KA37J"; VariantName = "[No Variations]"
Add component (AddParameter): Name = "Operating temperature range"; Value = "-55 ... +125°C"; VariantName = "[No Variations]"
Add component (AddParameter): Name = "Package"; Value = "0603"; VariantName = "[No Variations]"
Add component (AddParameter): Name = "Part Number"; Value = "GCM188R71H102KA37J"; VariantName = "[No Variations]"
Add component (AddParameter): Name = "Remark"; Value = ""; VariantName = "[No Variations]"
Add component (AddParameter): Name = "RoHS"; Value = "RoHS3"; VariantName = "[No Variations]"
Add component (AddParameter): Name = "Sort order"; Value = "306"; VariantName = "[No Variations]"
Add component (AddParameter): Name = "Source"; Value = "RLC_UN1Q.SchLib"; VariantName = "[No Variations]"
Add component (AddParameter): Name = "System"; Value = "RLC"; VariantName = "[No Variations]"
Add component (AddParameter): Name = "Temperature characteristics"; Value = "X7R"; VariantName = "[No Variations]"
Add component (AddParameter): Name = "Tolerance"; Value = "+/-10%"; VariantName = "[No Variations]"
Add component (AddParameter): Name = "Value"; Value = "100p"; VariantName = "[No Variations]"
Add component (AddParameter): Name = "Voltage"; Value = "50V"; VariantName = "[No Variations]"
Added Component: Designator=C?(CAP_0603_UN1Q)
Add component (AddParameter): Name = "Alternative component"; Value = "Allowed"; VariantName = "[No Variations]"
Add component (AddParameter): Name = "ClassName"; Value = ""; VariantName = "[No Variations]"
Add component (AddParameter): Name = "Component Type"; Value = "Capacitor"; VariantName = "[No Variations]"
Add component (AddParameter): Name = "ComponentLink1Description"; Value = "1_Datasheet"; VariantName = "[No Variations]"
Add component (AddParameter): Name = "ComponentLink1URL"; Value = ""; VariantName = "[No Variations]"
Add component (AddParameter): Name = "ComponentLink2Description"; Value = "2_Product page"; VariantName = "[No Variations]"
Add component (AddParameter): Name = "ComponentLink2URL"; Value = ""; VariantName = "[No Variations]"
Add component (AddParameter): Name = "ComponentLink3Description"; Value = "3_X-information"; VariantName = "[No Variations]"
Add component (AddParameter): Name = "ComponentLink3URL"; Value = ""; VariantName = "[No Variations]"
Add component (AddParameter): Name = "ComponentLink4Description"; Value = "4_X-information"; VariantName = "[No Variations]"
Add component (AddParameter): Name = "ComponentLink4URL"; Value = ""; VariantName = "[No Variations]"
Add component (AddParameter): Name = "ComponentLink5Description"; Value = ""; VariantName = "[No Variations]"
Add component (AddParameter): Name = "ComponentLink5URL"; Value = ""; VariantName = "[No Variations]"
Add component (AddParameter): Name = "Creation date"; Value = "20210927"; VariantName = "[No Variations]"
Add component (AddParameter): Name = "Dimensions WxLxH"; Value = ""; VariantName = "[No Variations]"
Add component (AddParameter): Name = "ECCN"; Value = "EAR99"; VariantName = "[No Variations]"
Add component (AddParameter): Name = "HasBeenBuilt"; Value = "TBD"; VariantName = "[No Variations]"
Add component (AddParameter): Name = "Manufacturer"; Value = "Murata"; VariantName = "[No Variations]"
Add component (AddParameter): Name = "Manufacturer Part Number"; Value = "GCM188R71H102KA37J"; VariantName = "[No Variations]"
Add component (AddParameter): Name = "Operating temperature range"; Value = "-55 ... +125°C"; VariantName = "[No Variations]"
Add component (AddParameter): Name = "Package"; Value = "0603"; VariantName = "[No Variations]"
Add component (AddParameter): Name = "Part Number"; Value = "GCM188R71H102KA37J"; VariantName = "[No Variations]"
Add component (AddParameter): Name = "Remark"; Value = ""; VariantName = "[No Variations]"
Add component (AddParameter): Name = "RoHS"; Value = "RoHS3"; VariantName = "[No Variations]"
Add component (AddParameter): Name = "Sort order"; Value = "306"; VariantName = "[No Variations]"
Add component (AddParameter): Name = "Source"; Value = "RLC_UN1Q.SchLib"; VariantName = "[No Variations]"
Add component (AddParameter): Name = "System"; Value = "RLC"; VariantName = "[No Variations]"
Add component (AddParameter): Name = "Temperature characteristics"; Value = "X7R"; VariantName = "[No Variations]"
Add component (AddParameter): Name = "Tolerance"; Value = "+/-10%"; VariantName = "[No Variations]"
Add component (AddParameter): Name = "Value"; Value = "100p"; VariantName = "[No Variations]"
Add component (AddParameter): Name = "Voltage"; Value = "50V"; VariantName = "[No Variations]"
Added Component: Designator=C?(CAP_0603_UN1Q)
Add component (AddParameter): Name = "Alternative component"; Value = "Allowed"; VariantName = "[No Variations]"
Add component (AddParameter): Name = "ClassName"; Value = ""; VariantName = "[No Variations]"
Add component (AddParameter): Name = "Component Type"; Value = "Capacitor"; VariantName = "[No Variations]"
Add component (AddParameter): Name = "ComponentLink1Description"; Value = "1_Datasheet"; VariantName = "[No Variations]"
Add component (AddParameter): Name = "ComponentLink1URL"; Value = ""; VariantName = "[No Variations]"
Add component (AddParameter): Name = "ComponentLink2Description"; Value = "2_Product page"; VariantName = "[No Variations]"
Add component (AddParameter): Name = "ComponentLink2URL"; Value = ""; VariantName = "[No Variations]"
Add component (AddParameter): Name = "ComponentLink3Description"; Value = "3_X-information"; VariantName = "[No Variations]"
Add component (AddParameter): Name = "ComponentLink3URL"; Value = ""; VariantName = "[No Variations]"
Add component (AddParameter): Name = "ComponentLink4Description"; Value = "4_X-information"; VariantName = "[No Variations]"
Add component (AddParameter): Name = "ComponentLink4URL"; Value = ""; VariantName = "[No Variations]"
Add component (AddParameter): Name = "ComponentLink5Description"; Value = ""; VariantName = "[No Variations]"
Add component (AddParameter): Name = "ComponentLink5URL"; Value = ""; VariantName = "[No Variations]"
Add component (AddParameter): Name = "Creation date"; Value = "20210927"; VariantName = "[No Variations]"
Add component (AddParameter): Name = "Dimensions WxLxH"; Value = ""; VariantName = "[No Variations]"
Add component (AddParameter): Name = "ECCN"; Value = "EAR99"; VariantName = "[No Variations]"
Add component (AddParameter): Name = "HasBeenBuilt"; Value = "TBD"; VariantName = "[No Variations]"
Add component (AddParameter): Name = "Manufacturer"; Value = "Murata"; VariantName = "[No Variations]"
Add component (AddParameter): Name = "Manufacturer Part Number"; Value = "GCM188R71H102KA37J"; VariantName = "[No Variations]"
Add component (AddParameter): Name = "Operating temperature range"; Value = "-55 ... +125°C"; VariantName = "[No Variations]"
Add component (AddParameter): Name = "Package"; Value = "0603"; VariantName = "[No Variations]"
Add component (AddParameter): Name = "Part Number"; Value = "GCM188R71H102KA37J"; VariantName = "[No Variations]"
Add component (AddParameter): Name = "Remark"; Value = ""; VariantName = "[No Variations]"
Add component (AddParameter): Name = "RoHS"; Value = "RoHS3"; VariantName = "[No Variations]"
Add component (AddParameter): Name = "Sort order"; Value = "306"; VariantName = "[No Variations]"
Add component (AddParameter): Name = "Source"; Value = "RLC_UN1Q.SchLib"; VariantName = "[No Variations]"
Add component (AddParameter): Name = "System"; Value = "RLC"; VariantName = "[No Variations]"
Add component (AddParameter): Name = "Temperature characteristics"; Value = "X7R"; VariantName = "[No Variations]"
Add component (AddParameter): Name = "Tolerance"; Value = "+/-10%"; VariantName = "[No Variations]"
Add component (AddParameter): Name = "Value"; Value = "100p"; VariantName = "[No Variations]"
Add component (AddParameter): Name = "Voltage"; Value = "50V"; VariantName = "[No Variations]"
Added Component: Designator=C?(CAP_0603_UN1Q)
Add component (AddParameter): Name = "Alternative component"; Value = "Allowed"; VariantName = "[No Variations]"
Add component (AddParameter): Name = "ClassName"; Value = ""; VariantName = "[No Variations]"
Add component (AddParameter): Name = "Component Type"; Value = "Capacitor"; VariantName = "[No Variations]"
Add component (AddParameter): Name = "ComponentLink1Description"; Value = "1_Datasheet"; VariantName = "[No Variations]"
Add component (AddParameter): Name = "ComponentLink1URL"; Value = ""; VariantName = "[No Variations]"
Add component (AddParameter): Name = "ComponentLink2Description"; Value = "2_Product page"; VariantName = "[No Variations]"
Add component (AddParameter): Name = "ComponentLink2URL"; Value = ""; VariantName = "[No Variations]"
Add component (AddParameter): Name = "ComponentLink3Description"; Value = "3_X-information"; VariantName = "[No Variations]"
Add component (AddParameter): Name = "ComponentLink3URL"; Value = ""; VariantName = "[No Variations]"
Add component (AddParameter): Name = "ComponentLink4Description"; Value = "4_X-information"; VariantName = "[No Variations]"
Add component (AddParameter): Name = "ComponentLink4URL"; Value = ""; VariantName = "[No Variations]"
Add component (AddParameter): Name = "ComponentLink5Description"; Value = ""; VariantName = "[No Variations]"
Add component (AddParameter): Name = "ComponentLink5URL"; Value = ""; VariantName = "[No Variations]"
Add component (AddParameter): Name = "Creation date"; Value = "20210917"; VariantName = "[No Variations]"
Add component (AddParameter): Name = "Dimensions WxLxH"; Value = ""; VariantName = "[No Variations]"
Add component (AddParameter): Name = "ECCN"; Value = ""; VariantName = "[No Variations]"
Add component (AddParameter): Name = "HasBeenBuilt"; Value = "TBD"; VariantName = "[No Variations]"
Add component (AddParameter): Name = "Manufacturer"; Value = "Taiyo Yuden"; VariantName = "[No Variations]"
Add component (AddParameter): Name = "Manufacturer Part Number"; Value = "UMK107AB7105KA-T"; VariantName = "[No Variations]"
Add component (AddParameter): Name = "Operating temperature range"; Value = ""; VariantName = "[No Variations]"
Add component (AddParameter): Name = "Package"; Value = "0603"; VariantName = "[No Variations]"
Add component (AddParameter): Name = "Part Number"; Value = "UMK107AB7105KA-T"; VariantName = "[No Variations]"
Add component (AddParameter): Name = "Remark"; Value = ""; VariantName = "[No Variations]"
Add component (AddParameter): Name = "RoHS"; Value = ""; VariantName = "[No Variations]"
Add component (AddParameter): Name = "Sort order"; Value = "306"; VariantName = "[No Variations]"
Add component (AddParameter): Name = "Source"; Value = "RLC_UN1Q.SchLib"; VariantName = "[No Variations]"
Add component (AddParameter): Name = "System"; Value = "RLC"; VariantName = "[No Variations]"
Add component (AddParameter): Name = "Temperature characteristics"; Value = "X7R"; VariantName = "[No Variations]"
Add component (AddParameter): Name = "Tolerance"; Value = "+/-20%"; VariantName = "[No Variations]"
Add component (AddParameter): Name = "Value"; Value = "1uF"; VariantName = "[No Variations]"
Add component (AddParameter): Name = "Voltage"; Value = "50V"; VariantName = "[No Variations]"
Added Component: Designator=C?(CAP_0603_UN1Q)
Add component (AddParameter): Name = "Alternative component"; Value = "Allowed"; VariantName = "[No Variations]"
Add component (AddParameter): Name = "ClassName"; Value = ""; VariantName = "[No Variations]"
Add component (AddParameter): Name = "Component Type"; Value = "Capacitor"; VariantName = "[No Variations]"
Add component (AddParameter): Name = "ComponentLink1Description"; Value = "1_Datasheet"; VariantName = "[No Variations]"
Add component (AddParameter): Name = "ComponentLink1URL"; Value = ""; VariantName = "[No Variations]"
Add component (AddParameter): Name = "ComponentLink2Description"; Value = "2_Product page"; VariantName = "[No Variations]"
Add component (AddParameter): Name = "ComponentLink2URL"; Value = ""; VariantName = "[No Variations]"
Add component (AddParameter): Name = "ComponentLink3Description"; Value = "3_X-information"; VariantName = "[No Variations]"
Add component (AddParameter): Name = "ComponentLink3URL"; Value = ""; VariantName = "[No Variations]"
Add component (AddParameter): Name = "ComponentLink4Description"; Value = "4_X-information"; VariantName = "[No Variations]"
Add component (AddParameter): Name = "ComponentLink4URL"; Value = ""; VariantName = "[No Variations]"
Add component (AddParameter): Name = "ComponentLink5Description"; Value = ""; VariantName = "[No Variations]"
Add component (AddParameter): Name = "ComponentLink5URL"; Value = ""; VariantName = "[No Variations]"
Add component (AddParameter): Name = "Creation date"; Value = "20210917"; VariantName = "[No Variations]"
Add component (AddParameter): Name = "Dimensions WxLxH"; Value = ""; VariantName = "[No Variations]"
Add component (AddParameter): Name = "ECCN"; Value = ""; VariantName = "[No Variations]"
Add component (AddParameter): Name = "HasBeenBuilt"; Value = "TBD"; VariantName = "[No Variations]"
Add component (AddParameter): Name = "Manufacturer"; Value = "Taiyo Yuden"; VariantName = "[No Variations]"
Add component (AddParameter): Name = "Manufacturer Part Number"; Value = "UMK107AB7105KA-T"; VariantName = "[No Variations]"
Add component (AddParameter): Name = "Operating temperature range"; Value = ""; VariantName = "[No Variations]"
Add component (AddParameter): Name = "Package"; Value = "0603"; VariantName = "[No Variations]"
Add component (AddParameter): Name = "Part Number"; Value = "UMK107AB7105KA-T"; VariantName = "[No Variations]"
Add component (AddParameter): Name = "Remark"; Value = ""; VariantName = "[No Variations]"
Add component (AddParameter): Name = "RoHS"; Value = ""; VariantName = "[No Variations]"
Add component (AddParameter): Name = "Sort order"; Value = "306"; VariantName = "[No Variations]"
Add component (AddParameter): Name = "Source"; Value = "RLC_UN1Q.SchLib"; VariantName = "[No Variations]"
Add component (AddParameter): Name = "System"; Value = "RLC"; VariantName = "[No Variations]"
Add component (AddParameter): Name = "Temperature characteristics"; Value = "X7R"; VariantName = "[No Variations]"
Add component (AddParameter): Name = "Tolerance"; Value = "+/-20%"; VariantName = "[No Variations]"
Add component (AddParameter): Name = "Value"; Value = "1uF"; VariantName = "[No Variations]"
Add component (AddParameter): Name = "Voltage"; Value = "50V"; VariantName = "[No Variations]"
Added Component: Designator=C?(CAP_0603_UN1Q)
Add component (AddParameter): Name = "Alternative component"; Value = "Allowed"; VariantName = "[No Variations]"
Add component (AddParameter): Name = "ClassName"; Value = ""; VariantName = "[No Variations]"
Add component (AddParameter): Name = "Component Type"; Value = "Capacitor"; VariantName = "[No Variations]"
Add component (AddParameter): Name = "ComponentLink1Description"; Value = "1_Datasheet"; VariantName = "[No Variations]"
Add component (AddParameter): Name = "ComponentLink1URL"; Value = ""; VariantName = "[No Variations]"
Add component (AddParameter): Name = "ComponentLink2Description"; Value = "2_Product page"; VariantName = "[No Variations]"
Add component (AddParameter): Name = "ComponentLink2URL"; Value = ""; VariantName = "[No Variations]"
Add component (AddParameter): Name = "ComponentLink3Description"; Value = "3_X-information"; VariantName = "[No Variations]"
Add component (AddParameter): Name = "ComponentLink3URL"; Value = ""; VariantName = "[No Variations]"
Add component (AddParameter): Name = "ComponentLink4Description"; Value = "4_X-information"; VariantName = "[No Variations]"
Add component (AddParameter): Name = "ComponentLink4URL"; Value = ""; VariantName = "[No Variations]"
Add component (AddParameter): Name = "ComponentLink5Description"; Value = ""; VariantName = "[No Variations]"
Add component (AddParameter): Name = "ComponentLink5URL"; Value = ""; VariantName = "[No Variations]"
Add component (AddParameter): Name = "Creation date"; Value = "20210917"; VariantName = "[No Variations]"
Add component (AddParameter): Name = "Dimensions WxLxH"; Value = ""; VariantName = "[No Variations]"
Add component (AddParameter): Name = "ECCN"; Value = ""; VariantName = "[No Variations]"
Add component (AddParameter): Name = "HasBeenBuilt"; Value = "TBD"; VariantName = "[No Variations]"
Add component (AddParameter): Name = "Manufacturer"; Value = "Taiyo Yuden"; VariantName = "[No Variations]"
Add component (AddParameter): Name = "Manufacturer Part Number"; Value = "UMK107AB7105KA-T"; VariantName = "[No Variations]"
Add component (AddParameter): Name = "Operating temperature range"; Value = ""; VariantName = "[No Variations]"
Add component (AddParameter): Name = "Package"; Value = "0603"; VariantName = "[No Variations]"
Add component (AddParameter): Name = "Part Number"; Value = "UMK107AB7105KA-T"; VariantName = "[No Variations]"
Add component (AddParameter): Name = "Remark"; Value = ""; VariantName = "[No Variations]"
Add component (AddParameter): Name = "RoHS"; Value = ""; VariantName = "[No Variations]"
Add component (AddParameter): Name = "Sort order"; Value = "306"; VariantName = "[No Variations]"
Add component (AddParameter): Name = "Source"; Value = "RLC_UN1Q.SchLib"; VariantName = "[No Variations]"
Add component (AddParameter): Name = "System"; Value = "RLC"; VariantName = "[No Variations]"
Add component (AddParameter): Name = "Temperature characteristics"; Value = "X7R"; VariantName = "[No Variations]"
Add component (AddParameter): Name = "Tolerance"; Value = "+/-20%"; VariantName = "[No Variations]"
Add component (AddParameter): Name = "Value"; Value = "1uF"; VariantName = "[No Variations]"
Add component (AddParameter): Name = "Voltage"; Value = "50V"; VariantName = "[No Variations]"
Added Component: Designator=C?(CAP_0603_UN1Q)
Add component (AddParameter): Name = "Alternative component"; Value = "Allowed"; VariantName = "[No Variations]"
Add component (AddParameter): Name = "ClassName"; Value = ""; VariantName = "[No Variations]"
Add component (AddParameter): Name = "Component Type"; Value = "Capacitor"; VariantName = "[No Variations]"
Add component (AddParameter): Name = "ComponentLink1Description"; Value = "1_Datasheet"; VariantName = "[No Variations]"
Add component (AddParameter): Name = "ComponentLink1URL"; Value = ""; VariantName = "[No Variations]"
Add component (AddParameter): Name = "ComponentLink2Description"; Value = "2_Product page"; VariantName = "[No Variations]"
Add component (AddParameter): Name = "ComponentLink2URL"; Value = ""; VariantName = "[No Variations]"
Add component (AddParameter): Name = "ComponentLink3Description"; Value = "3_X-information"; VariantName = "[No Variations]"
Add component (AddParameter): Name = "ComponentLink3URL"; Value = ""; VariantName = "[No Variations]"
Add component (AddParameter): Name = "ComponentLink4Description"; Value = "4_X-information"; VariantName = "[No Variations]"
Add component (AddParameter): Name = "ComponentLink4URL"; Value = ""; VariantName = "[No Variations]"
Add component (AddParameter): Name = "ComponentLink5Description"; Value = ""; VariantName = "[No Variations]"
Add component (AddParameter): Name = "ComponentLink5URL"; Value = ""; VariantName = "[No Variations]"
Add component (AddParameter): Name = "Creation date"; Value = "20210927"; VariantName = "[No Variations]"
Add component (AddParameter): Name = "Dimensions WxLxH"; Value = ""; VariantName = "[No Variations]"
Add component (AddParameter): Name = "ECCN"; Value = "EAR99"; VariantName = "[No Variations]"
Add component (AddParameter): Name = "HasBeenBuilt"; Value = "TBD"; VariantName = "[No Variations]"
Add component (AddParameter): Name = "Manufacturer"; Value = "Murata"; VariantName = "[No Variations]"
Add component (AddParameter): Name = "Manufacturer Part Number"; Value = "GCM188R71H102KA37J"; VariantName = "[No Variations]"
Add component (AddParameter): Name = "Operating temperature range"; Value = "-55 ... +125°C"; VariantName = "[No Variations]"
Add component (AddParameter): Name = "Package"; Value = "0603"; VariantName = "[No Variations]"
Add component (AddParameter): Name = "Part Number"; Value = "GCM188R71H102KA37J"; VariantName = "[No Variations]"
Add component (AddParameter): Name = "Remark"; Value = ""; VariantName = "[No Variations]"
Add component (AddParameter): Name = "RoHS"; Value = "RoHS3"; VariantName = "[No Variations]"
Add component (AddParameter): Name = "Sort order"; Value = "306"; VariantName = "[No Variations]"
Add component (AddParameter): Name = "Source"; Value = "RLC_UN1Q.SchLib"; VariantName = "[No Variations]"
Add component (AddParameter): Name = "System"; Value = "RLC"; VariantName = "[No Variations]"
Add component (AddParameter): Name = "Temperature characteristics"; Value = "X7R"; VariantName = "[No Variations]"
Add component (AddParameter): Name = "Tolerance"; Value = "+/-10%"; VariantName = "[No Variations]"
Add component (AddParameter): Name = "Value"; Value = "100p"; VariantName = "[No Variations]"
Add component (AddParameter): Name = "Voltage"; Value = "50V"; VariantName = "[No Variations]"
Added Component: Designator=C?(CAP_0603_UN1Q)
Add component (AddParameter): Name = "Alternative component"; Value = "Allowed"; VariantName = "[No Variations]"
Add component (AddParameter): Name = "ClassName"; Value = ""; VariantName = "[No Variations]"
Add component (AddParameter): Name = "Component Type"; Value = "Capacitor"; VariantName = "[No Variations]"
Add component (AddParameter): Name = "ComponentLink1Description"; Value = "1_Datasheet"; VariantName = "[No Variations]"
Add component (AddParameter): Name = "ComponentLink1URL"; Value = ""; VariantName = "[No Variations]"
Add component (AddParameter): Name = "ComponentLink2Description"; Value = "2_Product page"; VariantName = "[No Variations]"
Add component (AddParameter): Name = "ComponentLink2URL"; Value = ""; VariantName = "[No Variations]"
Add component (AddParameter): Name = "ComponentLink3Description"; Value = "3_X-information"; VariantName = "[No Variations]"
Add component (AddParameter): Name = "ComponentLink3URL"; Value = ""; VariantName = "[No Variations]"
Add component (AddParameter): Name = "ComponentLink4Description"; Value = "4_X-information"; VariantName = "[No Variations]"
Add component (AddParameter): Name = "ComponentLink4URL"; Value = ""; VariantName = "[No Variations]"
Add component (AddParameter): Name = "ComponentLink5Description"; Value = ""; VariantName = "[No Variations]"
Add component (AddParameter): Name = "ComponentLink5URL"; Value = ""; VariantName = "[No Variations]"
Add component (AddParameter): Name = "Creation date"; Value = "20210927"; VariantName = "[No Variations]"
Add component (AddParameter): Name = "Dimensions WxLxH"; Value = ""; VariantName = "[No Variations]"
Add component (AddParameter): Name = "ECCN"; Value = "EAR99"; VariantName = "[No Variations]"
Add component (AddParameter): Name = "HasBeenBuilt"; Value = "TBD"; VariantName = "[No Variations]"
Add component (AddParameter): Name = "Manufacturer"; Value = "Murata"; VariantName = "[No Variations]"
Add component (AddParameter): Name = "Manufacturer Part Number"; Value = "GCM188R71H102KA37J"; VariantName = "[No Variations]"
Add component (AddParameter): Name = "Operating temperature range"; Value = "-55 ... +125°C"; VariantName = "[No Variations]"
Add component (AddParameter): Name = "Package"; Value = "0603"; VariantName = "[No Variations]"
Add component (AddParameter): Name = "Part Number"; Value = "GCM188R71H102KA37J"; VariantName = "[No Variations]"
Add component (AddParameter): Name = "Remark"; Value = ""; VariantName = "[No Variations]"
Add component (AddParameter): Name = "RoHS"; Value = "RoHS3"; VariantName = "[No Variations]"
Add component (AddParameter): Name = "Sort order"; Value = "306"; VariantName = "[No Variations]"
Add component (AddParameter): Name = "Source"; Value = "RLC_UN1Q.SchLib"; VariantName = "[No Variations]"
Add component (AddParameter): Name = "System"; Value = "RLC"; VariantName = "[No Variations]"
Add component (AddParameter): Name = "Temperature characteristics"; Value = "X7R"; VariantName = "[No Variations]"
Add component (AddParameter): Name = "Tolerance"; Value = "+/-10%"; VariantName = "[No Variations]"
Add component (AddParameter): Name = "Value"; Value = "100p"; VariantName = "[No Variations]"
Add component (AddParameter): Name = "Voltage"; Value = "50V"; VariantName = "[No Variations]"
Added Component: Designator=C?(CAP_0603_UN1Q)
Add component (AddParameter): Name = "Alternative component"; Value = "Allowed"; VariantName = "[No Variations]"
Add component (AddParameter): Name = "ClassName"; Value = ""; VariantName = "[No Variations]"
Add component (AddParameter): Name = "Component Type"; Value = "Capacitor"; VariantName = "[No Variations]"
Add component (AddParameter): Name = "ComponentLink1Description"; Value = "1_Datasheet"; VariantName = "[No Variations]"
Add component (AddParameter): Name = "ComponentLink1URL"; Value = ""; VariantName = "[No Variations]"
Add component (AddParameter): Name = "ComponentLink2Description"; Value = "2_Product page"; VariantName = "[No Variations]"
Add component (AddParameter): Name = "ComponentLink2URL"; Value = ""; VariantName = "[No Variations]"
Add component (AddParameter): Name = "ComponentLink3Description"; Value = "3_X-information"; VariantName = "[No Variations]"
Add component (AddParameter): Name = "ComponentLink3URL"; Value = ""; VariantName = "[No Variations]"
Add component (AddParameter): Name = "ComponentLink4Description"; Value = "4_X-information"; VariantName = "[No Variations]"
Add component (AddParameter): Name = "ComponentLink4URL"; Value = ""; VariantName = "[No Variations]"
Add component (AddParameter): Name = "ComponentLink5Description"; Value = ""; VariantName = "[No Variations]"
Add component (AddParameter): Name = "ComponentLink5URL"; Value = ""; VariantName = "[No Variations]"
Add component (AddParameter): Name = "Creation date"; Value = "20210927"; VariantName = "[No Variations]"
Add component (AddParameter): Name = "Dimensions WxLxH"; Value = ""; VariantName = "[No Variations]"
Add component (AddParameter): Name = "ECCN"; Value = "EAR99"; VariantName = "[No Variations]"
Add component (AddParameter): Name = "HasBeenBuilt"; Value = "TBD"; VariantName = "[No Variations]"
Add component (AddParameter): Name = "Manufacturer"; Value = "Murata"; VariantName = "[No Variations]"
Add component (AddParameter): Name = "Manufacturer Part Number"; Value = "GCM188R71H102KA37J"; VariantName = "[No Variations]"
Add component (AddParameter): Name = "Operating temperature range"; Value = "-55 ... +125°C"; VariantName = "[No Variations]"
Add component (AddParameter): Name = "Package"; Value = "0603"; VariantName = "[No Variations]"
Add component (AddParameter): Name = "Part Number"; Value = "GCM188R71H102KA37J"; VariantName = "[No Variations]"
Add component (AddParameter): Name = "Remark"; Value = ""; VariantName = "[No Variations]"
Add component (AddParameter): Name = "RoHS"; Value = "RoHS3"; VariantName = "[No Variations]"
Add component (AddParameter): Name = "Sort order"; Value = "306"; VariantName = "[No Variations]"
Add component (AddParameter): Name = "Source"; Value = "RLC_UN1Q.SchLib"; VariantName = "[No Variations]"
Add component (AddParameter): Name = "System"; Value = "RLC"; VariantName = "[No Variations]"
Add component (AddParameter): Name = "Temperature characteristics"; Value = "X7R"; VariantName = "[No Variations]"
Add component (AddParameter): Name = "Tolerance"; Value = "+/-10%"; VariantName = "[No Variations]"
Add component (AddParameter): Name = "Value"; Value = "100p"; VariantName = "[No Variations]"
Add component (AddParameter): Name = "Voltage"; Value = "50V"; VariantName = "[No Variations]"
Added Component: Designator=C?(CAP_0603_UN1Q)
Add component (AddParameter): Name = "Alternative component"; Value = "Allowed"; VariantName = "[No Variations]"
Add component (AddParameter): Name = "ClassName"; Value = ""; VariantName = "[No Variations]"
Add component (AddParameter): Name = "Component Type"; Value = "Capacitor"; VariantName = "[No Variations]"
Add component (AddParameter): Name = "ComponentLink1Description"; Value = "1_Datasheet"; VariantName = "[No Variations]"
Add component (AddParameter): Name = "ComponentLink1URL"; Value = ""; VariantName = "[No Variations]"
Add component (AddParameter): Name = "ComponentLink2Description"; Value = "2_Product page"; VariantName = "[No Variations]"
Add component (AddParameter): Name = "ComponentLink2URL"; Value = ""; VariantName = "[No Variations]"
Add component (AddParameter): Name = "ComponentLink3Description"; Value = "3_X-information"; VariantName = "[No Variations]"
Add component (AddParameter): Name = "ComponentLink3URL"; Value = ""; VariantName = "[No Variations]"
Add component (AddParameter): Name = "ComponentLink4Description"; Value = "4_X-information"; VariantName = "[No Variations]"
Add component (AddParameter): Name = "ComponentLink4URL"; Value = ""; VariantName = "[No Variations]"
Add component (AddParameter): Name = "ComponentLink5Description"; Value = ""; VariantName = "[No Variations]"
Add component (AddParameter): Name = "ComponentLink5URL"; Value = ""; VariantName = "[No Variations]"
Add component (AddParameter): Name = "Creation date"; Value = "20210927"; VariantName = "[No Variations]"
Add component (AddParameter): Name = "Dimensions WxLxH"; Value = ""; VariantName = "[No Variations]"
Add component (AddParameter): Name = "ECCN"; Value = "EAR99"; VariantName = "[No Variations]"
Add component (AddParameter): Name = "HasBeenBuilt"; Value = "TBD"; VariantName = "[No Variations]"
Add component (AddParameter): Name = "Manufacturer"; Value = "Murata"; VariantName = "[No Variations]"
Add component (AddParameter): Name = "Manufacturer Part Number"; Value = "GCM188R71H102KA37J"; VariantName = "[No Variations]"
Add component (AddParameter): Name = "Operating temperature range"; Value = "-55 ... +125°C"; VariantName = "[No Variations]"
Add component (AddParameter): Name = "Package"; Value = "0603"; VariantName = "[No Variations]"
Add component (AddParameter): Name = "Part Number"; Value = "GCM188R71H102KA37J"; VariantName = "[No Variations]"
Add component (AddParameter): Name = "Remark"; Value = ""; VariantName = "[No Variations]"
Add component (AddParameter): Name = "RoHS"; Value = "RoHS3"; VariantName = "[No Variations]"
Add component (AddParameter): Name = "Sort order"; Value = "306"; VariantName = "[No Variations]"
Add component (AddParameter): Name = "Source"; Value = "RLC_UN1Q.SchLib"; VariantName = "[No Variations]"
Add component (AddParameter): Name = "System"; Value = "RLC"; VariantName = "[No Variations]"
Add component (AddParameter): Name = "Temperature characteristics"; Value = "X7R"; VariantName = "[No Variations]"
Add component (AddParameter): Name = "Tolerance"; Value = "+/-10%"; VariantName = "[No Variations]"
Add component (AddParameter): Name = "Value"; Value = "100p"; VariantName = "[No Variations]"
Add component (AddParameter): Name = "Voltage"; Value = "50V"; VariantName = "[No Variations]"
Added Component: Designator=C?(CAP_0603_UN1Q)
Add component (AddParameter): Name = "Alternative component"; Value = "Allowed"; VariantName = "[No Variations]"
Add component (AddParameter): Name = "ClassName"; Value = ""; VariantName = "[No Variations]"
Add component (AddParameter): Name = "Component Type"; Value = "Capacitor"; VariantName = "[No Variations]"
Add component (AddParameter): Name = "ComponentLink1Description"; Value = "1_Datasheet"; VariantName = "[No Variations]"
Add component (AddParameter): Name = "ComponentLink1URL"; Value = ""; VariantName = "[No Variations]"
Add component (AddParameter): Name = "ComponentLink2Description"; Value = "2_Product page"; VariantName = "[No Variations]"
Add component (AddParameter): Name = "ComponentLink2URL"; Value = ""; VariantName = "[No Variations]"
Add component (AddParameter): Name = "ComponentLink3Description"; Value = "3_X-information"; VariantName = "[No Variations]"
Add component (AddParameter): Name = "ComponentLink3URL"; Value = ""; VariantName = "[No Variations]"
Add component (AddParameter): Name = "ComponentLink4Description"; Value = "4_X-information"; VariantName = "[No Variations]"
Add component (AddParameter): Name = "ComponentLink4URL"; Value = ""; VariantName = "[No Variations]"
Add component (AddParameter): Name = "ComponentLink5Description"; Value = ""; VariantName = "[No Variations]"
Add component (AddParameter): Name = "ComponentLink5URL"; Value = ""; VariantName = "[No Variations]"
Add component (AddParameter): Name = "Creation date"; Value = "20210927"; VariantName = "[No Variations]"
Add component (AddParameter): Name = "Dimensions WxLxH"; Value = ""; VariantName = "[No Variations]"
Add component (AddParameter): Name = "ECCN"; Value = "EAR99"; VariantName = "[No Variations]"
Add component (AddParameter): Name = "HasBeenBuilt"; Value = "TBD"; VariantName = "[No Variations]"
Add component (AddParameter): Name = "Manufacturer"; Value = "Murata"; VariantName = "[No Variations]"
Add component (AddParameter): Name = "Manufacturer Part Number"; Value = "GCM188R71H102KA37J"; VariantName = "[No Variations]"
Add component (AddParameter): Name = "Operating temperature range"; Value = "-55 ... +125°C"; VariantName = "[No Variations]"
Add component (AddParameter): Name = "Package"; Value = "0603"; VariantName = "[No Variations]"
Add component (AddParameter): Name = "Part Number"; Value = "GCM188R71H102KA37J"; VariantName = "[No Variations]"
Add component (AddParameter): Name = "Remark"; Value = ""; VariantName = "[No Variations]"
Add component (AddParameter): Name = "RoHS"; Value = "RoHS3"; VariantName = "[No Variations]"
Add component (AddParameter): Name = "Sort order"; Value = "306"; VariantName = "[No Variations]"
Add component (AddParameter): Name = "Source"; Value = "RLC_UN1Q.SchLib"; VariantName = "[No Variations]"
Add component (AddParameter): Name = "System"; Value = "RLC"; VariantName = "[No Variations]"
Add component (AddParameter): Name = "Temperature characteristics"; Value = "X7R"; VariantName = "[No Variations]"
Add component (AddParameter): Name = "Tolerance"; Value = "+/-10%"; VariantName = "[No Variations]"
Add component (AddParameter): Name = "Value"; Value = "100p"; VariantName = "[No Variations]"
Add component (AddParameter): Name = "Voltage"; Value = "50V"; VariantName = "[No Variations]"
Added Component: Designator=C?(CAP_0603_UN1Q)
Add component (AddParameter): Name = "Alternative component"; Value = "Allowed"; VariantName = "[No Variations]"
Add component (AddParameter): Name = "ClassName"; Value = ""; VariantName = "[No Variations]"
Add component (AddParameter): Name = "Component Type"; Value = "Capacitor"; VariantName = "[No Variations]"
Add component (AddParameter): Name = "ComponentLink1Description"; Value = "1_Datasheet"; VariantName = "[No Variations]"
Add component (AddParameter): Name = "ComponentLink1URL"; Value = ""; VariantName = "[No Variations]"
Add component (AddParameter): Name = "ComponentLink2Description"; Value = "2_Product page"; VariantName = "[No Variations]"
Add component (AddParameter): Name = "ComponentLink2URL"; Value = ""; VariantName = "[No Variations]"
Add component (AddParameter): Name = "ComponentLink3Description"; Value = "3_X-information"; VariantName = "[No Variations]"
Add component (AddParameter): Name = "ComponentLink3URL"; Value = ""; VariantName = "[No Variations]"
Add component (AddParameter): Name = "ComponentLink4Description"; Value = "4_X-information"; VariantName = "[No Variations]"
Add component (AddParameter): Name = "ComponentLink4URL"; Value = ""; VariantName = "[No Variations]"
Add component (AddParameter): Name = "ComponentLink5Description"; Value = ""; VariantName = "[No Variations]"
Add component (AddParameter): Name = "ComponentLink5URL"; Value = ""; VariantName = "[No Variations]"
Add component (AddParameter): Name = "Creation date"; Value = "20210917"; VariantName = "[No Variations]"
Add component (AddParameter): Name = "Dimensions WxLxH"; Value = ""; VariantName = "[No Variations]"
Add component (AddParameter): Name = "ECCN"; Value = ""; VariantName = "[No Variations]"
Add component (AddParameter): Name = "HasBeenBuilt"; Value = "TBD"; VariantName = "[No Variations]"
Add component (AddParameter): Name = "Manufacturer"; Value = "Taiyo Yuden"; VariantName = "[No Variations]"
Add component (AddParameter): Name = "Manufacturer Part Number"; Value = "UMK107AB7105KA-T"; VariantName = "[No Variations]"
Add component (AddParameter): Name = "Operating temperature range"; Value = ""; VariantName = "[No Variations]"
Add component (AddParameter): Name = "Package"; Value = "0603"; VariantName = "[No Variations]"
Add component (AddParameter): Name = "Part Number"; Value = "UMK107AB7105KA-T"; VariantName = "[No Variations]"
Add component (AddParameter): Name = "Remark"; Value = ""; VariantName = "[No Variations]"
Add component (AddParameter): Name = "RoHS"; Value = ""; VariantName = "[No Variations]"
Add component (AddParameter): Name = "Sort order"; Value = "306"; VariantName = "[No Variations]"
Add component (AddParameter): Name = "Source"; Value = "RLC_UN1Q.SchLib"; VariantName = "[No Variations]"
Add component (AddParameter): Name = "System"; Value = "RLC"; VariantName = "[No Variations]"
Add component (AddParameter): Name = "Temperature characteristics"; Value = "X7R"; VariantName = "[No Variations]"
Add component (AddParameter): Name = "Tolerance"; Value = "+/-20%"; VariantName = "[No Variations]"
Add component (AddParameter): Name = "Value"; Value = "1uF"; VariantName = "[No Variations]"
Add component (AddParameter): Name = "Voltage"; Value = "50V"; VariantName = "[No Variations]"
Added Component: Designator=C?(CAP_0603_UN1Q)
Add component (AddParameter): Name = "Alternative component"; Value = "Allowed"; VariantName = "[No Variations]"
Add component (AddParameter): Name = "ClassName"; Value = ""; VariantName = "[No Variations]"
Add component (AddParameter): Name = "Component Type"; Value = "Capacitor"; VariantName = "[No Variations]"
Add component (AddParameter): Name = "ComponentLink1Description"; Value = "1_Datasheet"; VariantName = "[No Variations]"
Add component (AddParameter): Name = "ComponentLink1URL"; Value = ""; VariantName = "[No Variations]"
Add component (AddParameter): Name = "ComponentLink2Description"; Value = "2_Product page"; VariantName = "[No Variations]"
Add component (AddParameter): Name = "ComponentLink2URL"; Value = ""; VariantName = "[No Variations]"
Add component (AddParameter): Name = "ComponentLink3Description"; Value = "3_X-information"; VariantName = "[No Variations]"
Add component (AddParameter): Name = "ComponentLink3URL"; Value = ""; VariantName = "[No Variations]"
Add component (AddParameter): Name = "ComponentLink4Description"; Value = "4_X-information"; VariantName = "[No Variations]"
Add component (AddParameter): Name = "ComponentLink4URL"; Value = ""; VariantName = "[No Variations]"
Add component (AddParameter): Name = "ComponentLink5Description"; Value = ""; VariantName = "[No Variations]"
Add component (AddParameter): Name = "ComponentLink5URL"; Value = ""; VariantName = "[No Variations]"
Add component (AddParameter): Name = "Creation date"; Value = "20210927"; VariantName = "[No Variations]"
Add component (AddParameter): Name = "Dimensions WxLxH"; Value = ""; VariantName = "[No Variations]"
Add component (AddParameter): Name = "ECCN"; Value = "EAR99"; VariantName = "[No Variations]"
Add component (AddParameter): Name = "HasBeenBuilt"; Value = "TBD"; VariantName = "[No Variations]"
Add component (AddParameter): Name = "Manufacturer"; Value = "Murata"; VariantName = "[No Variations]"
Add component (AddParameter): Name = "Manufacturer Part Number"; Value = "GCM188R71H102KA37J"; VariantName = "[No Variations]"
Add component (AddParameter): Name = "Operating temperature range"; Value = "-55 ... +125°C"; VariantName = "[No Variations]"
Add component (AddParameter): Name = "Package"; Value = "0603"; VariantName = "[No Variations]"
Add component (AddParameter): Name = "Part Number"; Value = "GCM188R71H102KA37J"; VariantName = "[No Variations]"
Add component (AddParameter): Name = "Remark"; Value = ""; VariantName = "[No Variations]"
Add component (AddParameter): Name = "RoHS"; Value = "RoHS3"; VariantName = "[No Variations]"
Add component (AddParameter): Name = "Sort order"; Value = "306"; VariantName = "[No Variations]"
Add component (AddParameter): Name = "Source"; Value = "RLC_UN1Q.SchLib"; VariantName = "[No Variations]"
Add component (AddParameter): Name = "System"; Value = "RLC"; VariantName = "[No Variations]"
Add component (AddParameter): Name = "Temperature characteristics"; Value = "X7R"; VariantName = "[No Variations]"
Add component (AddParameter): Name = "Tolerance"; Value = "+/-10%"; VariantName = "[No Variations]"
Add component (AddParameter): Name = "Value"; Value = "100p"; VariantName = "[No Variations]"
Add component (AddParameter): Name = "Voltage"; Value = "50V"; VariantName = "[No Variations]"
Added Component: Designator=C?(CAP_0603_UN1Q)
Add component (AddParameter): Name = "Alternative component"; Value = "Allowed"; VariantName = "[No Variations]"
Add component (AddParameter): Name = "ClassName"; Value = ""; VariantName = "[No Variations]"
Add component (AddParameter): Name = "Component Type"; Value = "Capacitor"; VariantName = "[No Variations]"
Add component (AddParameter): Name = "ComponentLink1Description"; Value = "1_Datasheet"; VariantName = "[No Variations]"
Add component (AddParameter): Name = "ComponentLink1URL"; Value = ""; VariantName = "[No Variations]"
Add component (AddParameter): Name = "ComponentLink2Description"; Value = "2_Product page"; VariantName = "[No Variations]"
Add component (AddParameter): Name = "ComponentLink2URL"; Value = ""; VariantName = "[No Variations]"
Add component (AddParameter): Name = "ComponentLink3Description"; Value = "3_X-information"; VariantName = "[No Variations]"
Add component (AddParameter): Name = "ComponentLink3URL"; Value = ""; VariantName = "[No Variations]"
Add component (AddParameter): Name = "ComponentLink4Description"; Value = "4_X-information"; VariantName = "[No Variations]"
Add component (AddParameter): Name = "ComponentLink4URL"; Value = ""; VariantName = "[No Variations]"
Add component (AddParameter): Name = "ComponentLink5Description"; Value = ""; VariantName = "[No Variations]"
Add component (AddParameter): Name = "ComponentLink5URL"; Value = ""; VariantName = "[No Variations]"
Add component (AddParameter): Name = "Creation date"; Value = "20210927"; VariantName = "[No Variations]"
Add component (AddParameter): Name = "Dimensions WxLxH"; Value = ""; VariantName = "[No Variations]"
Add component (AddParameter): Name = "ECCN"; Value = "EAR99"; VariantName = "[No Variations]"
Add component (AddParameter): Name = "HasBeenBuilt"; Value = "TBD"; VariantName = "[No Variations]"
Add component (AddParameter): Name = "Manufacturer"; Value = "Murata"; VariantName = "[No Variations]"
Add component (AddParameter): Name = "Manufacturer Part Number"; Value = "GCM188R71H102KA37J"; VariantName = "[No Variations]"
Add component (AddParameter): Name = "Operating temperature range"; Value = "-55 ... +125°C"; VariantName = "[No Variations]"
Add component (AddParameter): Name = "Package"; Value = "0603"; VariantName = "[No Variations]"
Add component (AddParameter): Name = "Part Number"; Value = "GCM188R71H102KA37J"; VariantName = "[No Variations]"
Add component (AddParameter): Name = "Remark"; Value = ""; VariantName = "[No Variations]"
Add component (AddParameter): Name = "RoHS"; Value = "RoHS3"; VariantName = "[No Variations]"
Add component (AddParameter): Name = "Sort order"; Value = "306"; VariantName = "[No Variations]"
Add component (AddParameter): Name = "Source"; Value = "RLC_UN1Q.SchLib"; VariantName = "[No Variations]"
Add component (AddParameter): Name = "System"; Value = "RLC"; VariantName = "[No Variations]"
Add component (AddParameter): Name = "Temperature characteristics"; Value = "X7R"; VariantName = "[No Variations]"
Add component (AddParameter): Name = "Tolerance"; Value = "+/-10%"; VariantName = "[No Variations]"
Add component (AddParameter): Name = "Value"; Value = "100p"; VariantName = "[No Variations]"
Add component (AddParameter): Name = "Voltage"; Value = "50V"; VariantName = "[No Variations]"
Added Component: Designator=J?(TP_1x2mm_UN1Q)
Add component (AddParameter): Name = "Alternative component"; Value = ""; VariantName = "[No Variations]"
Add component (AddParameter): Name = "ClassName"; Value = "SMALL"; VariantName = "[No Variations]"
Add component (AddParameter): Name = "Component Type"; Value = "Test Point"; VariantName = "[No Variations]"
Add component (AddParameter): Name = "ComponentLink1Description"; Value = "1_Datasheet"; VariantName = "[No Variations]"
Add component (AddParameter): Name = "ComponentLink1URL"; Value = ""; VariantName = "[No Variations]"
Add component (AddParameter): Name = "ComponentLink2Description"; Value = "2_Product page"; VariantName = "[No Variations]"
Add component (AddParameter): Name = "ComponentLink2URL"; Value = ""; VariantName = "[No Variations]"
Add component (AddParameter): Name = "ComponentLink3Description"; Value = "3_X-information"; VariantName = "[No Variations]"
Add component (AddParameter): Name = "ComponentLink3URL"; Value = ""; VariantName = "[No Variations]"
Add component (AddParameter): Name = "ComponentLink4Description"; Value = "4_X-information"; VariantName = "[No Variations]"
Add component (AddParameter): Name = "ComponentLink4URL"; Value = ""; VariantName = "[No Variations]"
Add component (AddParameter): Name = "Creation date"; Value = "20200101"; VariantName = "[No Variations]"
Add component (AddParameter): Name = "Design Item ID"; Value = "TP_1x2mm"; VariantName = "[No Variations]"
Add component (AddParameter): Name = "Dimensions WxLxH"; Value = ""; VariantName = "[No Variations]"
Add component (AddParameter): Name = "HasBeenBuilt"; Value = "-"; VariantName = "[No Variations]"
Add component (AddParameter): Name = "Manufacturer"; Value = ""; VariantName = "[No Variations]"
Add component (AddParameter): Name = "Operating temperature range"; Value = ""; VariantName = "[No Variations]"
Add component (AddParameter): Name = "Package"; Value = ""; VariantName = "[No Variations]"
Add component (AddParameter): Name = "Part Number"; Value = "TP 1x2mm"; VariantName = "[No Variations]"
Add component (AddParameter): Name = "Remark"; Value = ""; VariantName = "[No Variations]"
Add component (AddParameter): Name = "Sort order"; Value = "-"; VariantName = "[No Variations]"
Add component (AddParameter): Name = "Source"; Value = "Conn_UN1Q.SchLib"; VariantName = "[No Variations]"
Add component (AddParameter): Name = "System"; Value = "Test Point"; VariantName = "[No Variations]"
Added Component: Designator=J?(TP_1mm_UN1Q)
Add component (AddParameter): Name = "Alternative component"; Value = ""; VariantName = "[No Variations]"
Add component (AddParameter): Name = "ClassName"; Value = "SMALL"; VariantName = "[No Variations]"
Add component (AddParameter): Name = "Component Type"; Value = "Test Point"; VariantName = "[No Variations]"
Add component (AddParameter): Name = "ComponentLink1Description"; Value = "1_Datasheet"; VariantName = "[No Variations]"
Add component (AddParameter): Name = "ComponentLink1URL"; Value = ""; VariantName = "[No Variations]"
Add component (AddParameter): Name = "ComponentLink2Description"; Value = "2_Product page"; VariantName = "[No Variations]"
Add component (AddParameter): Name = "ComponentLink2URL"; Value = ""; VariantName = "[No Variations]"
Add component (AddParameter): Name = "ComponentLink3Description"; Value = "3_X-information"; VariantName = "[No Variations]"
Add component (AddParameter): Name = "ComponentLink3URL"; Value = ""; VariantName = "[No Variations]"
Add component (AddParameter): Name = "ComponentLink4Description"; Value = "4_X-information"; VariantName = "[No Variations]"
Add component (AddParameter): Name = "ComponentLink4URL"; Value = ""; VariantName = "[No Variations]"
Add component (AddParameter): Name = "Creation date"; Value = "20200101"; VariantName = "[No Variations]"
Add component (AddParameter): Name = "Design Item ID"; Value = "TP_1mm"; VariantName = "[No Variations]"
Add component (AddParameter): Name = "Dimensions WxLxH"; Value = ""; VariantName = "[No Variations]"
Add component (AddParameter): Name = "HasBeenBuilt"; Value = "-"; VariantName = "[No Variations]"
Add component (AddParameter): Name = "Manufacturer"; Value = ""; VariantName = "[No Variations]"
Add component (AddParameter): Name = "Operating temperature range"; Value = ""; VariantName = "[No Variations]"
Add component (AddParameter): Name = "Package"; Value = ""; VariantName = "[No Variations]"
Add component (AddParameter): Name = "Part Number"; Value = "TP 1mm"; VariantName = "[No Variations]"
Add component (AddParameter): Name = "Remark"; Value = ""; VariantName = "[No Variations]"
Add component (AddParameter): Name = "Sort order"; Value = "-"; VariantName = "[No Variations]"
Add component (AddParameter): Name = "Source"; Value = "Conn_UN1Q.SchLib"; VariantName = "[No Variations]"
Add component (AddParameter): Name = "System"; Value = "Test Point"; VariantName = "[No Variations]"
Add component: Footprint Not Found TA1735A_SM2016-4
Added Component: Designator=N?(SKY13575-639LF-Footprint)
Add component (AddParameter): Name = "Alternative component"; Value = ""; VariantName = "[No Variations]"
Add component (AddParameter): Name = "ClassName"; Value = "BIG"; VariantName = "[No Variations]"
Add component (AddParameter): Name = "Component Type"; Value = "RF IC"; VariantName = "[No Variations]"
Add component (AddParameter): Name = "ComponentLink1Description"; Value = "1_Datasheet"; VariantName = "[No Variations]"
Add component (AddParameter): Name = "ComponentLink1URL"; Value = "https://www.skyworksinc.com/-/media/SkyWorks/Documents/Products/2201-2300/SKY13575_639LF_203270D.pdf"; VariantName = "[No Variations]"
Add component (AddParameter): Name = "ComponentLink2Description"; Value = "2_Product page"; VariantName = "[No Variations]"
Add component (AddParameter): Name = "ComponentLink2URL"; Value = "https://www.skyworksinc.com/en/Products/switches/SKY13575-639LF"; VariantName = "[No Variations]"
Add component (AddParameter): Name = "ComponentLink3Description"; Value = "3_X-information"; VariantName = "[No Variations]"
Add component (AddParameter): Name = "ComponentLink3URL"; Value = ""; VariantName = "[No Variations]"
Add component (AddParameter): Name = "ComponentLink4Description"; Value = "4_X-information"; VariantName = "[No Variations]"
Add component (AddParameter): Name = "ComponentLink4URL"; Value = ""; VariantName = "[No Variations]"
Add component (AddParameter): Name = "Creation Date"; Value = "20240626"; VariantName = "[No Variations]"
Add component (AddParameter): Name = "Design Item ID"; Value = ""; VariantName = "[No Variations]"
Add component (AddParameter): Name = "Dimensions WxLxH"; Value = "1.6 x 1.6 x 0.5"; VariantName = "[No Variations]"
Add component (AddParameter): Name = "ECCN"; Value = "5A991.g"; VariantName = "[No Variations]"
Add component (AddParameter): Name = "HasBeenBuilt"; Value = ""; VariantName = "[No Variations]"
Add component (AddParameter): Name = "Manufacturer"; Value = "Skyworks"; VariantName = "[No Variations]"
Add component (AddParameter): Name = "Manufacturer Part Number"; Value = "SKY13575-639LF"; VariantName = "[No Variations]"
Add component (AddParameter): Name = "Operating temperature range"; Value = "-40C ... +90C"; VariantName = "[No Variations]"
Add component (AddParameter): Name = "Package"; Value = "QFN14"; VariantName = "[No Variations]"
Add component (AddParameter): Name = "Part Number"; Value = "SKY13575-639LF"; VariantName = "[No Variations]"
Add component (AddParameter): Name = "Remark"; Value = ""; VariantName = "[No Variations]"
Add component (AddParameter): Name = "RoHS"; Value = ""; VariantName = "[No Variations]"
Add component (AddParameter): Name = "Sort order"; Value = "711"; VariantName = "[No Variations]"
Add component (AddParameter): Name = "Source"; Value = ""; VariantName = "[No Variations]"
Add component (AddParameter): Name = "System"; Value = "RF"; VariantName = "[No Variations]"
Added Component: Designator=N?(SKY13575-639LF-Footprint)
Add component (AddParameter): Name = "Alternative component"; Value = ""; VariantName = "[No Variations]"
Add component (AddParameter): Name = "ClassName"; Value = "BIG"; VariantName = "[No Variations]"
Add component (AddParameter): Name = "Component Type"; Value = "RF IC"; VariantName = "[No Variations]"
Add component (AddParameter): Name = "ComponentLink1Description"; Value = "1_Datasheet"; VariantName = "[No Variations]"
Add component (AddParameter): Name = "ComponentLink1URL"; Value = "https://www.skyworksinc.com/-/media/SkyWorks/Documents/Products/2201-2300/SKY13575_639LF_203270D.pdf"; VariantName = "[No Variations]"
Add component (AddParameter): Name = "ComponentLink2Description"; Value = "2_Product page"; VariantName = "[No Variations]"
Add component (AddParameter): Name = "ComponentLink2URL"; Value = "https://www.skyworksinc.com/en/Products/switches/SKY13575-639LF"; VariantName = "[No Variations]"
Add component (AddParameter): Name = "ComponentLink3Description"; Value = "3_X-information"; VariantName = "[No Variations]"
Add component (AddParameter): Name = "ComponentLink3URL"; Value = ""; VariantName = "[No Variations]"
Add component (AddParameter): Name = "ComponentLink4Description"; Value = "4_X-information"; VariantName = "[No Variations]"
Add component (AddParameter): Name = "ComponentLink4URL"; Value = ""; VariantName = "[No Variations]"
Add component (AddParameter): Name = "Creation Date"; Value = "20240626"; VariantName = "[No Variations]"
Add component (AddParameter): Name = "Design Item ID"; Value = ""; VariantName = "[No Variations]"
Add component (AddParameter): Name = "Dimensions WxLxH"; Value = "1.6 x 1.6 x 0.5"; VariantName = "[No Variations]"
Add component (AddParameter): Name = "ECCN"; Value = "5A991.g"; VariantName = "[No Variations]"
Add component (AddParameter): Name = "HasBeenBuilt"; Value = ""; VariantName = "[No Variations]"
Add component (AddParameter): Name = "Manufacturer"; Value = "Skyworks"; VariantName = "[No Variations]"
Add component (AddParameter): Name = "Manufacturer Part Number"; Value = "SKY13575-639LF"; VariantName = "[No Variations]"
Add component (AddParameter): Name = "Operating temperature range"; Value = "-40C ... +90C"; VariantName = "[No Variations]"
Add component (AddParameter): Name = "Package"; Value = "QFN14"; VariantName = "[No Variations]"
Add component (AddParameter): Name = "Part Number"; Value = "SKY13575-639LF"; VariantName = "[No Variations]"
Add component (AddParameter): Name = "Remark"; Value = ""; VariantName = "[No Variations]"
Add component (AddParameter): Name = "RoHS"; Value = ""; VariantName = "[No Variations]"
Add component (AddParameter): Name = "Sort order"; Value = "711"; VariantName = "[No Variations]"
Add component (AddParameter): Name = "Source"; Value = ""; VariantName = "[No Variations]"
Add component (AddParameter): Name = "System"; Value = "RF"; VariantName = "[No Variations]"
Add component: Footprint Not Found SM3030_6PIN_H1_25
Added Component: Designator=N?(RSF-916.500-5200-1411-TR-NS3)
Add component (AddParameter): Name = "Alternative component"; Value = ""; VariantName = "[No Variations]"
Add component (AddParameter): Name = "ClassName"; Value = ""; VariantName = "[No Variations]"
Add component (AddParameter): Name = "Component Type"; Value = "RF Discrete"; VariantName = "[No Variations]"
Add component (AddParameter): Name = "ComponentLink1Description"; Value = "1_Datasheet"; VariantName = "[No Variations]"
Add component (AddParameter): Name = "ComponentLink1URL"; Value = "https://www.raltron.com/webproducts/specs/SAW_FILTER/RSF-916.500-5200-1411-TR-NS3.pdf"; VariantName = "[No Variations]"
Add component (AddParameter): Name = "ComponentLink2Description"; Value = "2_Product page"; VariantName = "[No Variations]"
Add component (AddParameter): Name = "ComponentLink2URL"; Value = "https://www.raltron.com/saw-filters-by-frequency/?3186_device=laptop&3186_paged=4"; VariantName = "[No Variations]"
Add component (AddParameter): Name = "ComponentLink3Description"; Value = "3_X-information"; VariantName = "[No Variations]"
Add component (AddParameter): Name = "ComponentLink3URL"; Value = ""; VariantName = "[No Variations]"
Add component (AddParameter): Name = "ComponentLink4Description"; Value = "4_X-information"; VariantName = "[No Variations]"
Add component (AddParameter): Name = "ComponentLink4URL"; Value = ""; VariantName = "[No Variations]"
Add component (AddParameter): Name = "Creation date"; Value = "20240711"; VariantName = "[No Variations]"
Add component (AddParameter): Name = "Design Item ID"; Value = ""; VariantName = "[No Variations]"
Add component (AddParameter): Name = "Dimensions WxLxH"; Value = "1.4 x 1.1 x  0.6mm"; VariantName = "[No Variations]"
Add component (AddParameter): Name = "ECCN"; Value = ""; VariantName = "[No Variations]"
Add component (AddParameter): Name = "HasBeenBuilt"; Value = ""; VariantName = "[No Variations]"
Add component (AddParameter): Name = "Manufacturer"; Value = "RALTRON"; VariantName = "[No Variations]"
Add component (AddParameter): Name = "Manufacturer Part Number"; Value = "RSF-916.500-5200-1411-TR-NS3"; VariantName = "[No Variations]"
Add component (AddParameter): Name = "Operating temperature range"; Value = "-40 ... +95C"; VariantName = "[No Variations]"
Add component (AddParameter): Name = "Package"; Value = "5-SMD"; VariantName = "[No Variations]"
Add component (AddParameter): Name = "Part Number"; Value = "RSF-916.500-5200-1411-TR-NS3"; VariantName = "[No Variations]"
Add component (AddParameter): Name = "Remark"; Value = ""; VariantName = "[No Variations]"
Add component (AddParameter): Name = "RoHS"; Value = ""; VariantName = "[No Variations]"
Add component (AddParameter): Name = "Sort order"; Value = "701"; VariantName = "[No Variations]"
Add component (AddParameter): Name = "Source"; Value = ""; VariantName = "[No Variations]"
Add component (AddParameter): Name = "System"; Value = "RF"; VariantName = "[No Variations]"
Add component (AddParameter): Name = "Value"; Value = ""; VariantName = "[No Variations]"
Added Component: Designator=R?(RES_0603_UN1Q)
Add component (AddParameter): Name = "Alternative component"; Value = "Allowed"; VariantName = "[No Variations]"
Add component (AddParameter): Name = "ClassName"; Value = ""; VariantName = "[No Variations]"
Add component (AddParameter): Name = "Component Type"; Value = "Resistor"; VariantName = "[No Variations]"
Add component (AddParameter): Name = "ComponentLink1Description"; Value = "1_Datasheet"; VariantName = "[No Variations]"
Add component (AddParameter): Name = "ComponentLink1URL"; Value = ""; VariantName = "[No Variations]"
Add component (AddParameter): Name = "ComponentLink2Description"; Value = "2_Product page"; VariantName = "[No Variations]"
Add component (AddParameter): Name = "ComponentLink2URL"; Value = ""; VariantName = "[No Variations]"
Add component (AddParameter): Name = "ComponentLink3Description"; Value = "3_X-information"; VariantName = "[No Variations]"
Add component (AddParameter): Name = "ComponentLink3URL"; Value = ""; VariantName = "[No Variations]"
Add component (AddParameter): Name = "ComponentLink4Description"; Value = "4_X-information"; VariantName = "[No Variations]"
Add component (AddParameter): Name = "ComponentLink4URL"; Value = ""; VariantName = "[No Variations]"
Add component (AddParameter): Name = "Creation date"; Value = "20190101"; VariantName = "[No Variations]"
Add component (AddParameter): Name = "Dimensions WxLxH"; Value = ""; VariantName = "[No Variations]"
Add component (AddParameter): Name = "ECCN"; Value = ""; VariantName = "[No Variations]"
Add component (AddParameter): Name = "HasBeenBuilt"; Value = "TBD"; VariantName = "[No Variations]"
Add component (AddParameter): Name = "Manufacturer"; Value = "YAGEO"; VariantName = "[No Variations]"
Add component (AddParameter): Name = "Operating temperature range"; Value = ""; VariantName = "[No Variations]"
Add component (AddParameter): Name = "Package"; Value = "0603"; VariantName = "[No Variations]"
Add component (AddParameter): Name = "Part Number"; Value = ""; VariantName = "[No Variations]"
Add component (AddParameter): Name = "Power Rating"; Value = "1/10W"; VariantName = "[No Variations]"
Add component (AddParameter): Name = "Remark"; Value = ""; VariantName = "[No Variations]"
Add component (AddParameter): Name = "RoHS"; Value = ""; VariantName = "[No Variations]"
Add component (AddParameter): Name = "Sort order"; Value = "326"; VariantName = "[No Variations]"
Add component (AddParameter): Name = "Source"; Value = "RLC_UN1Q.SchLib"; VariantName = "[No Variations]"
Add component (AddParameter): Name = "System"; Value = "RLC"; VariantName = "[No Variations]"
Add component (AddParameter): Name = "Temperature characteristics"; Value = ""; VariantName = "[No Variations]"
Add component (AddParameter): Name = "Tolerance"; Value = "5%"; VariantName = "[No Variations]"
Add component (AddParameter): Name = "Value"; Value = "1k"; VariantName = "[No Variations]"
Add component (AddParameter): Name = "Voltage"; Value = ""; VariantName = "[No Variations]"
Added Component: Designator=R?(RES_0603_UN1Q)
Add component (AddParameter): Name = "Alternative component"; Value = "Allowed"; VariantName = "[No Variations]"
Add component (AddParameter): Name = "ClassName"; Value = ""; VariantName = "[No Variations]"
Add component (AddParameter): Name = "Component Type"; Value = "Resistor"; VariantName = "[No Variations]"
Add component (AddParameter): Name = "ComponentLink1Description"; Value = "1_Datasheet"; VariantName = "[No Variations]"
Add component (AddParameter): Name = "ComponentLink1URL"; Value = ""; VariantName = "[No Variations]"
Add component (AddParameter): Name = "ComponentLink2Description"; Value = "2_Product page"; VariantName = "[No Variations]"
Add component (AddParameter): Name = "ComponentLink2URL"; Value = ""; VariantName = "[No Variations]"
Add component (AddParameter): Name = "ComponentLink3Description"; Value = "3_X-information"; VariantName = "[No Variations]"
Add component (AddParameter): Name = "ComponentLink3URL"; Value = ""; VariantName = "[No Variations]"
Add component (AddParameter): Name = "ComponentLink4Description"; Value = "4_X-information"; VariantName = "[No Variations]"
Add component (AddParameter): Name = "ComponentLink4URL"; Value = ""; VariantName = "[No Variations]"
Add component (AddParameter): Name = "Creation date"; Value = "20190101"; VariantName = "[No Variations]"
Add component (AddParameter): Name = "Dimensions WxLxH"; Value = ""; VariantName = "[No Variations]"
Add component (AddParameter): Name = "ECCN"; Value = ""; VariantName = "[No Variations]"
Add component (AddParameter): Name = "HasBeenBuilt"; Value = "TBD"; VariantName = "[No Variations]"
Add component (AddParameter): Name = "Manufacturer"; Value = "YAGEO"; VariantName = "[No Variations]"
Add component (AddParameter): Name = "Operating temperature range"; Value = ""; VariantName = "[No Variations]"
Add component (AddParameter): Name = "Package"; Value = "0603"; VariantName = "[No Variations]"
Add component (AddParameter): Name = "Part Number"; Value = ""; VariantName = "[No Variations]"
Add component (AddParameter): Name = "Power Rating"; Value = "1/10W"; VariantName = "[No Variations]"
Add component (AddParameter): Name = "Remark"; Value = ""; VariantName = "[No Variations]"
Add component (AddParameter): Name = "RoHS"; Value = ""; VariantName = "[No Variations]"
Add component (AddParameter): Name = "Sort order"; Value = "326"; VariantName = "[No Variations]"
Add component (AddParameter): Name = "Source"; Value = "RLC_UN1Q.SchLib"; VariantName = "[No Variations]"
Add component (AddParameter): Name = "System"; Value = "RLC"; VariantName = "[No Variations]"
Add component (AddParameter): Name = "Temperature characteristics"; Value = ""; VariantName = "[No Variations]"
Add component (AddParameter): Name = "Tolerance"; Value = "5%"; VariantName = "[No Variations]"
Add component (AddParameter): Name = "Value"; Value = "1k"; VariantName = "[No Variations]"
Add component (AddParameter): Name = "Voltage"; Value = ""; VariantName = "[No Variations]"
Added Component: Designator=R?(RES_0603_UN1Q)
Add component (AddParameter): Name = "Alternative component"; Value = "Allowed"; VariantName = "[No Variations]"
Add component (AddParameter): Name = "ClassName"; Value = ""; VariantName = "[No Variations]"
Add component (AddParameter): Name = "Component Type"; Value = "Resistor"; VariantName = "[No Variations]"
Add component (AddParameter): Name = "ComponentLink1Description"; Value = "1_Datasheet"; VariantName = "[No Variations]"
Add component (AddParameter): Name = "ComponentLink1URL"; Value = ""; VariantName = "[No Variations]"
Add component (AddParameter): Name = "ComponentLink2Description"; Value = "2_Product page"; VariantName = "[No Variations]"
Add component (AddParameter): Name = "ComponentLink2URL"; Value = ""; VariantName = "[No Variations]"
Add component (AddParameter): Name = "ComponentLink3Description"; Value = "3_X-information"; VariantName = "[No Variations]"
Add component (AddParameter): Name = "ComponentLink3URL"; Value = ""; VariantName = "[No Variations]"
Add component (AddParameter): Name = "ComponentLink4Description"; Value = "4_X-information"; VariantName = "[No Variations]"
Add component (AddParameter): Name = "ComponentLink4URL"; Value = ""; VariantName = "[No Variations]"
Add component (AddParameter): Name = "Creation date"; Value = "20190101"; VariantName = "[No Variations]"
Add component (AddParameter): Name = "Dimensions WxLxH"; Value = ""; VariantName = "[No Variations]"
Add component (AddParameter): Name = "ECCN"; Value = ""; VariantName = "[No Variations]"
Add component (AddParameter): Name = "HasBeenBuilt"; Value = "TBD"; VariantName = "[No Variations]"
Add component (AddParameter): Name = "Manufacturer"; Value = "YAGEO"; VariantName = "[No Variations]"
Add component (AddParameter): Name = "Operating temperature range"; Value = ""; VariantName = "[No Variations]"
Add component (AddParameter): Name = "Package"; Value = "0603"; VariantName = "[No Variations]"
Add component (AddParameter): Name = "Part Number"; Value = ""; VariantName = "[No Variations]"
Add component (AddParameter): Name = "Power Rating"; Value = "1/10W"; VariantName = "[No Variations]"
Add component (AddParameter): Name = "Remark"; Value = ""; VariantName = "[No Variations]"
Add component (AddParameter): Name = "RoHS"; Value = ""; VariantName = "[No Variations]"
Add component (AddParameter): Name = "Sort order"; Value = "326"; VariantName = "[No Variations]"
Add component (AddParameter): Name = "Source"; Value = "RLC_UN1Q.SchLib"; VariantName = "[No Variations]"
Add component (AddParameter): Name = "System"; Value = "RLC"; VariantName = "[No Variations]"
Add component (AddParameter): Name = "Temperature characteristics"; Value = ""; VariantName = "[No Variations]"
Add component (AddParameter): Name = "Tolerance"; Value = "5%"; VariantName = "[No Variations]"
Add component (AddParameter): Name = "Value"; Value = "1k"; VariantName = "[No Variations]"
Add component (AddParameter): Name = "Voltage"; Value = ""; VariantName = "[No Variations]"
Added Component: Designator=R?(RES_0603_UN1Q)
Add component (AddParameter): Name = "Alternative component"; Value = "Allowed"; VariantName = "[No Variations]"
Add component (AddParameter): Name = "ClassName"; Value = ""; VariantName = "[No Variations]"
Add component (AddParameter): Name = "Component Type"; Value = "Resistor"; VariantName = "[No Variations]"
Add component (AddParameter): Name = "ComponentLink1Description"; Value = "1_Datasheet"; VariantName = "[No Variations]"
Add component (AddParameter): Name = "ComponentLink1URL"; Value = ""; VariantName = "[No Variations]"
Add component (AddParameter): Name = "ComponentLink2Description"; Value = "2_Product page"; VariantName = "[No Variations]"
Add component (AddParameter): Name = "ComponentLink2URL"; Value = ""; VariantName = "[No Variations]"
Add component (AddParameter): Name = "ComponentLink3Description"; Value = "3_X-information"; VariantName = "[No Variations]"
Add component (AddParameter): Name = "ComponentLink3URL"; Value = ""; VariantName = "[No Variations]"
Add component (AddParameter): Name = "ComponentLink4Description"; Value = "4_X-information"; VariantName = "[No Variations]"
Add component (AddParameter): Name = "ComponentLink4URL"; Value = ""; VariantName = "[No Variations]"
Add component (AddParameter): Name = "Creation date"; Value = "20190101"; VariantName = "[No Variations]"
Add component (AddParameter): Name = "Dimensions WxLxH"; Value = ""; VariantName = "[No Variations]"
Add component (AddParameter): Name = "ECCN"; Value = ""; VariantName = "[No Variations]"
Add component (AddParameter): Name = "HasBeenBuilt"; Value = "TBD"; VariantName = "[No Variations]"
Add component (AddParameter): Name = "Manufacturer"; Value = "YAGEO"; VariantName = "[No Variations]"
Add component (AddParameter): Name = "Operating temperature range"; Value = ""; VariantName = "[No Variations]"
Add component (AddParameter): Name = "Package"; Value = "0603"; VariantName = "[No Variations]"
Add component (AddParameter): Name = "Part Number"; Value = ""; VariantName = "[No Variations]"
Add component (AddParameter): Name = "Power Rating"; Value = "1/10W"; VariantName = "[No Variations]"
Add component (AddParameter): Name = "Remark"; Value = ""; VariantName = "[No Variations]"
Add component (AddParameter): Name = "RoHS"; Value = ""; VariantName = "[No Variations]"
Add component (AddParameter): Name = "Sort order"; Value = "326"; VariantName = "[No Variations]"
Add component (AddParameter): Name = "Source"; Value = "RLC_UN1Q.SchLib"; VariantName = "[No Variations]"
Add component (AddParameter): Name = "System"; Value = "RLC"; VariantName = "[No Variations]"
Add component (AddParameter): Name = "Temperature characteristics"; Value = ""; VariantName = "[No Variations]"
Add component (AddParameter): Name = "Tolerance"; Value = "5%"; VariantName = "[No Variations]"
Add component (AddParameter): Name = "Value"; Value = "1k"; VariantName = "[No Variations]"
Add component (AddParameter): Name = "Voltage"; Value = ""; VariantName = "[No Variations]"
Added Component: Designator=S?(SW_219-4MST)
Add component (AddParameter): Name = "Check_prices"; Value = "https://www.snapeda.com/parts/219-4MST/CTS+Components/view-part/?ref=eda"; VariantName = "[No Variations]"
Add component (AddParameter): Name = "MF"; Value = "CTS Electronic Components"; VariantName = "[No Variations]"
Add component (AddParameter): Name = "MP"; Value = "219-4MST"; VariantName = "[No Variations]"
Add component (AddParameter): Name = "Package"; Value = "None"; VariantName = "[No Variations]"
Add component (AddParameter): Name = "SnapEDA_Link"; Value = "https://www.snapeda.com/parts/219-4MST/CTS+Components/view-part/?ref=snap"; VariantName = "[No Variations]"
Add component (AddParameter): Name = "Value"; Value = ""; VariantName = "[No Variations]"
Added Pin To Net: NetName=GND Pin=C?-1
Added Pin To Net: NetName=GND Pin=C?-1
Added Pin To Net: NetName=GND Pin=C?-1
Added Pin To Net: NetName=GND Pin=C?-1
Added Pin To Net: NetName=GND Pin=C?-1
Added Pin To Net: NetName=GND Pin=C?-1
Added Pin To Net: NetName=GND Pin=C?-2
Added Pin To Net: NetName=GND Pin=C?-2
Added Pin To Net: NetName=GND Pin=C?-2
Added Pin To Net: NetName=GND Pin=C?-2
Added Pin To Net: NetName=GND Pin=C?-2
Added Pin To Net: NetName=GND Pin=C?-2
Added Pin To Net: NetName=GND Pin=N?-1
Added Pin To Net: NetName=GND Pin=N?-1
Added Pin To Net: NetName=GND Pin=N?-1
Added Pin To Net: NetName=GND Pin=N?-2
Added Pin To Net: NetName=GND Pin=N?-3
Added Pin To Net: NetName=GND Pin=N?-3
Added Pin To Net: NetName=GND Pin=N?-3
Added Pin To Net: NetName=GND Pin=N?-4
Added Pin To Net: NetName=GND Pin=N?-4
Added Pin To Net: NetName=GND Pin=N?-4
Added Pin To Net: NetName=GND Pin=N?-5
Add Pin To Net: Unknown Pin: Pin N?-6
Added Pin To Net: NetName=GND Pin=N?-6
Added Pin To Net: NetName=GND Pin=N?-6
Added Pin To Net: NetName=GND Pin=N?-11
Added Pin To Net: NetName=GND Pin=N?-11
Added Pin To Net: NetName=GND Pin=N?-13
Added Pin To Net: NetName=GND Pin=N?-13
Added Pin To Net: NetName=GND Pin=N?-15
Added Pin To Net: NetName=GND Pin=N?-15
Add Pin To Net: Unknown Pin: Pin N?-A
Add Pin To Net: Unknown Pin: Pin N?-C
Added Pin To Net: NetName=GND Pin=S?-5
Added Pin To Net: NetName=GND Pin=S?-6
Added Pin To Net: NetName=GND Pin=S?-7
Added Pin To Net: NetName=GND Pin=S?-8
Add Net: Net with name "NetC?_1" already exists
Add Net: Net with name "NetC?_1" already exists
Add Net: Net with name "NetC?_1" already exists
Add Net: Net with name "NetC?_1" already exists
Add Net: Net with name "NetC?_1" already exists
Add Net: Net with name "NetC?_1" already exists
Add Net: Net with name "NetC?_1" already exists
Add Net: Net with name "NetC?_1" already exists
Add Net: Net with name "NetC?_1" already exists
Add Net: Net with name "NetC?_1" already exists
Add Net: Net with name "NetC?_1" already exists
Add Net: Net with name "NetC?_1" already exists
Add Net: Net with name "NetC?_1" already exists
Add Net: Net with name "NetC?_1" already exists
Add Net: Net with name "NetC?_1" already exists
Add Net: Net with name "NetC?_1" already exists
Add Net: Net with name "NetC?_2" already exists
Add Net: Net with name "NetC?_2" already exists
Add Net: Net with name "NetC?_2" already exists
Add Net: Net with name "NetC?_2" already exists
Add Net: Net with name "NetC?_2" already exists
Add Net: Net with name "NetC?_2" already exists
Add Net: Net with name "NetC?_2" already exists
Add Net: Net with name "NetC?_2" already exists
Add Net: Net with name "NetC?_2" already exists
Add Net: Net with name "NetC?_2" already exists
Add Net: Net with name "NetC?_2" already exists
Add Net: Net with name "NetC?_2" already exists
Add Net: Net with name "NetC?_2" already exists
Add Net: Net with name "NetC?_2" already exists
Added Pin To Net: NetName=VDD_3V3 Pin=C?-1
Added Pin To Net: NetName=VDD_3V3 Pin=C?-1
Added Pin To Net: NetName=VDD_3V3 Pin=C?-2
Added Pin To Net: NetName=VDD_3V3 Pin=C?-2
Added Pin To Net: NetName=VDD_3V3 Pin=C?-2
Added Pin To Net: NetName=VDD_3V3 Pin=C?-2
Added Pin To Net: NetName=VDD_3V3 Pin=C?-2
Added Pin To Net: NetName=VDD_3V3 Pin=C?-2
Added Pin To Net: NetName=VDD_3V3 Pin=C?-2
Added Pin To Net: NetName=VDD_3V3 Pin=N?-8
Added Pin To Net: NetName=VDD_3V3 Pin=N?-10
Added Pin To Net: NetName=VDD_3V3 Pin=N?-10
Added Pin To Net: NetName=VDD_3V3 Pin=R?-2
Added Pin To Net: NetName=VDD_3V3 Pin=R?-2
Added Pin To Net: NetName=VDD_3V3 Pin=R?-2
Added Pin To Net: NetName=VDD_3V3 Pin=R?-2
Added Net: Name=VDD_3V3
Change Class Name : Old Net Name=Sheet1 New Net Name=Filter Bank
Added Class: Name=LNA
Added Member To Class: ClassName=Filter Bank Member=Component C? CAP_0603_100p
Added Member To Class: ClassName=Filter Bank Member=Component C? CAP_0603_100p
Added Member To Class: ClassName=Filter Bank Member=Component C? CAP_0603_100p
Added Member To Class: ClassName=Filter Bank Member=Component C? CAP_0603_100p
Added Member To Class: ClassName=Filter Bank Member=Component C? CAP_0603_NA
Added Member To Class: ClassName=Filter Bank Member=Component C? CAP_0603_1u_X7R
Added Member To Class: ClassName=Filter Bank Member=Component C? CAP_0603_100p
Added Member To Class: ClassName=Filter Bank Member=Component C? CAP_0603_1u_X7R
Added Member To Class: ClassName=Filter Bank Member=Component C? CAP_0603_1u_X7R
Added Member To Class: ClassName=Filter Bank Member=Component C? CAP_0603_100p
Added Member To Class: ClassName=Filter Bank Member=Component C? CAP_0603_100p
Added Member To Class: ClassName=Filter Bank Member=Component C? CAP_0603_100p
Added Member To Class: ClassName=Filter Bank Member=Component C? CAP_0603_100p
Added Member To Class: ClassName=Filter Bank Member=Component C? CAP_0603_100p
Added Member To Class: ClassName=Filter Bank Member=Component C? CAP_0603_100p
Added Member To Class: ClassName=Filter Bank Member=Component C? CAP_0603_100p
Added Member To Class: ClassName=Filter Bank Member=Component C? CAP_0603_1u_X7R
Added Member To Class: ClassName=Filter Bank Member=Component C? CAP_0603_100p
Added Member To Class: ClassName=Filter Bank Member=Component C? CAP_0603_100p
Added Member To Class: ClassName=Filter Bank Member=Component J? U.FL-R-SMT-1(80)
Added Member To Class: ClassName=Filter Bank Member=Component J? PAD 1 x 2 mm
Added Member To Class: ClassName=Filter Bank Member=Component J? Testpoint, Surface, 1.0mm
Added Member To Class: ClassName=Filter Bank Member=Component N? TA1735A
Added Member To Class: ClassName=Filter Bank Member=Component N? SKY13575-639LF
Added Member To Class: ClassName=Filter Bank Member=Component N? RSF-916.500-5200-1411-TR-NS3
Added Member To Class: ClassName=Filter Bank Member=Component N? SKY13575-639LF
Added Member To Class: ClassName=Filter Bank Member=Component R? RES_0603_1k
Added Member To Class: ClassName=Filter Bank Member=Component R? RES_0603_1k
Added Member To Class: ClassName=Filter Bank Member=Component R? RES_0603_1k
Added Member To Class: ClassName=Filter Bank Member=Component R? RES_0603_1k
Added Member To Class: ClassName=Filter Bank Member=Component S? 219-4MST
Added Rule: Name=Schematic Supply Nets_1
